epoch,steps,syncs,accuracy,loss,time,com_time,calc_time,exper_id
1,117,7,0.9200000166893005,0.27001023292541504,6.483281135559082,0.22936582565307617,0.08398127555847168,14
2,234,9,0.9502999782562256,0.16969811916351318,8.90040373802185,0.4488346576690674,0.169891357421875,14
