epoch,steps,syncs,accuracy,loss,time,com_time,calc_time,exper_id
1,117,7,0.9243999719619751,0.2609385550022125,6.529455184936523,0.2909541130065918,0.08310985565185547,15
2,234,10,0.95169997215271,0.1674894243478775,8.999041318893433,0.533048152923584,0.16752958297729492,15
