epoch,steps,syncs,accuracy,loss,time,com_time,calc_time,exper_id
1,117,3,0.925599992275238,0.2603842318058014,8.005423307418823,1.6896986961364746,0.33666110038757324,16
2,234,4,0.9505000114440918,0.16351456940174103,12.081032991409302,3.3906567096710205,0.6284849643707275,16
