epoch,steps,syncs,accuracy,loss,time,com_time,calc_time,exper_id
1,58,3,0.9815000295639038,0.06112198531627655,78.70114660263062,4.218447685241699,46.38745617866516,101
2,116,3,0.9887999892234802,0.03544166311621666,154.45498037338257,6.852248668670654,93.1698911190033,101
3,175,3,0.9914000034332275,0.02708139270544052,232.95752120018005,10.622914791107178,140.7839994430542,101
4,233,4,0.9904000163078308,0.029400933533906937,309.51071429252625,14.18196177482605,187.60919094085693,101
5,291,4,0.9919999837875366,0.026663826778531075,385.046178817749,16.818527460098267,234.40760469436646,101
6,350,4,0.9930999875068665,0.024486206471920013,462.4680962562561,19.76742672920227,282.06295132637024,101
7,408,4,0.9926000237464905,0.022163331508636475,538.2958691120148,22.407435655593872,328.8638651371002,101
8,466,5,0.992900013923645,0.02460046112537384,614.8999452590942,25.435976028442383,375.6661841869354,101
9,525,5,0.9926000237464905,0.02394980378448963,692.9221649169922,28.676737785339355,423.404079914093,101
10,583,5,0.993399977684021,0.026209548115730286,768.7716598510742,31.565449237823486,470.2040433883667,101
11,642,5,0.9929999709129333,0.02454626001417637,845.7015235424042,34.169912338256836,517.8792724609375,101
12,700,5,0.9933000206947327,0.027135858312249184,921.9225785732269,37.010788440704346,564.7951636314392,101
13,758,5,0.9940999746322632,0.022007379680871964,998.5740258693695,39.5848593711853,611.607784986496,101
14,817,6,0.9927999973297119,0.02670426294207573,1076.8018238544464,42.69870924949646,659.2566096782684,101
15,875,6,0.9926000237464905,0.028507336974143982,1152.9548115730286,45.1394419670105,706.1431939601898,101
16,933,6,0.9947999715805054,0.02118966169655323,1230.6465005874634,49.712257385253906,752.9683539867401,101
17,992,6,0.9939000010490417,0.02491115964949131,1308.0494000911713,52.615718364715576,800.588137626648,101
18,1050,7,0.993399977684021,0.029342129826545715,1387.017929315567,57.92797899246216,847.5309300422668,101
19,1109,7,0.9945999979972839,0.02507401630282402,1465.7892007827759,62.384591817855835,895.1643869876862,101
20,1167,7,0.9934999942779541,0.02511480636894703,1542.605111837387,65.79772853851318,942.0368022918701,101
