epoch,steps,syncs,accuracy,loss,time,com_time,calc_time,exper_id
1,117,3,0.984000027179718,0.05183551460504532,139.61886882781982,2.9293766021728516,93.85846257209778,103
2,234,4,0.9890999794006348,0.035981059074401855,277.4320089817047,5.7363667488098145,188.28906965255737,103
3,351,4,0.9908000230789185,0.027438156306743622,415.53896284103394,8.664607048034668,282.72569966316223,103
4,468,5,0.9930999875068665,0.02522585168480873,554.6292729377747,12.870035886764526,377.11773204803467,103
5,585,5,0.9923999905586243,0.025035519152879715,692.3412277698517,15.838245868682861,471.5326564311981,103
6,702,6,0.9937999844551086,0.02301826886832714,830.8710443973541,19.190266370773315,566.0318276882172,103
7,820,6,0.9947999715805054,0.01963791996240616,970.3044428825378,22.16042184829712,661.3250105381012,103
8,937,7,0.992900013923645,0.024857189506292343,1108.9165153503418,25.59292984008789,755.7826409339905,103
9,1054,7,0.9933000206947327,0.023800954222679138,1247.4281630516052,28.50607967376709,850.229279756546,103
10,1171,8,0.9926000237464905,0.028940951451659203,1386.4815135002136,32.20557117462158,944.6677844524384,103
11,1288,8,0.993399977684021,0.027850693091750145,1525.0514206886292,35.83982491493225,1039.2184391021729,103
12,1405,9,0.9937999844551086,0.025088375434279442,1664.682123184204,40.282015323638916,1133.6497428417206,103
13,1523,9,0.993399977684021,0.029771411791443825,1805.2720725536346,44.100287199020386,1228.8697123527527,103
14,1640,10,0.9937000274658203,0.021472236141562462,1944.9963994026184,48.06398248672485,1324.2945582866669,103
15,1757,10,0.9905999898910522,0.040039993822574615,2083.5311415195465,50.98660731315613,1418.7259495258331,103
16,1874,11,0.9940000176429749,0.020162902772426605,2222.4251112937927,54.18085718154907,1513.2343022823334,103
17,1991,12,0.9948999881744385,0.02429473213851452,2360.3874804973602,57.5309317111969,1607.6384251117706,103
18,2108,12,0.994700014591217,0.02286391891539097,2498.2609601020813,60.40257000923157,1702.0738234519958,103
19,2226,13,0.9952999949455261,0.021174605935811996,2637.959172487259,63.962454080581665,1797.3890459537506,103
20,2343,13,0.9929999709129333,0.03805616497993469,2775.7872457504272,67.03808164596558,1891.8166420459747,103
