epoch,steps,syncs,accuracy,loss,time,com_time,calc_time,exper_id
1,29,2,0.9488999843597412,0.17183499038219452,40.844401836395264,1.3617501258850098,22.91733980178833,104
2,58,3,0.9782999753952026,0.06631430983543396,80.21033072471619,2.814595937728882,46.29635667800903,104
3,87,3,0.9886000156402588,0.03623514994978905,119.30461263656616,3.7217495441436768,69.68226480484009,104
4,116,3,0.9904999732971191,0.030369097366929054,158.17040872573853,4.579502105712891,93.0658757686615,104
5,146,3,0.9921000003814697,0.02347644418478012,198.15744018554688,5.322705268859863,117.3139579296112,104
6,175,3,0.991100013256073,0.026485567912459373,236.81100606918335,6.106963872909546,140.7265169620514,104
7,204,3,0.9926000237464905,0.021021855995059013,277.15490341186523,7.903800964355469,164.1718294620514,104
8,233,4,0.9932000041007996,0.02066582255065441,316.66321849823,9.420936584472656,187.559583902359,104
9,263,4,0.9914000034332275,0.02649812400341034,356.70278882980347,10.447847604751587,211.78157997131348,104
10,292,4,0.9930999875068665,0.024001795798540115,395.43937730789185,11.443016052246094,235.16102147102356,104
11,321,4,0.9930999875068665,0.025692779570817947,433.9941258430481,12.401654481887817,258.52223896980286,104
12,350,4,0.9932000041007996,0.02140212431550026,472.8376097679138,13.426699876785278,281.9538836479187,104
13,379,4,0.9921000003814697,0.029026400297880173,512.5599129199982,15.283045291900635,305.36791229248047,104
14,409,4,0.9930999875068665,0.02210382930934429,553.5413091182709,16.910929203033447,329.6388931274414,104
15,438,4,0.9932000041007996,0.024511586874723434,592.2706890106201,17.854019165039062,353.0613203048706,104
16,467,4,0.9939000010490417,0.02271878719329834,630.770791053772,18.855917930603027,376.44745993614197,104
17,496,5,0.9948999881744385,0.01915271021425724,670.7420778274536,20.440356731414795,399.8449535369873,104
18,526,5,0.9944999814033508,0.01727423444390297,710.9572501182556,21.510380268096924,424.02126717567444,104
19,555,5,0.9926000237464905,0.026258861646056175,749.7879688739777,22.520146369934082,447.3830072879791,104
20,584,5,0.9933000206947327,0.024720463901758194,788.5781512260437,23.493918418884277,470.75435757637024,104
