epoch,steps,syncs,accuracy,loss,time,com_time,calc_time,exper_id
1,14,2,0.8550000190734863,0.4931417405605316,22.42344832420349,0.8101282119750977,10.937989234924316,105
2,28,2,0.9588000178337097,0.13308215141296387,42.710875034332275,1.0664708614349365,22.262097358703613,105
3,43,2,0.9754999876022339,0.07607069611549377,64.4189965724945,1.310053825378418,34.41939663887024,105
4,57,3,0.984499990940094,0.046517666429281235,85.22082138061523,2.0922646522521973,45.75453186035156,105
5,71,3,0.9872999787330627,0.03870594874024391,105.45041155815125,2.3209991455078125,57.08945322036743,105
6,86,3,0.989300012588501,0.02956925891339779,127.36089611053467,2.5833799839019775,69.23077487945557,105
7,100,3,0.9900000095367432,0.028840120881795883,148.29456233978271,3.530709981918335,80.55919694900513,105
8,115,3,0.9902999997138977,0.0270445104688406,170.27386021614075,3.899163007736206,92.70723390579224,105
9,129,3,0.9914000034332275,0.02688959427177906,190.52697777748108,4.146619558334351,104.05763602256775,105
10,143,3,0.9927999973297119,0.021859560161828995,210.8841335773468,4.474533557891846,115.40713810920715,105
11,158,3,0.9919000267982483,0.02640831656754017,232.53080034255981,4.738537549972534,127.53955864906311,105
12,172,3,0.9919999837875366,0.02364741824567318,252.86928582191467,4.994572401046753,138.88841938972473,105
13,187,3,0.9919999837875366,0.02506704442203045,274.53189158439636,5.244574069976807,151.01172924041748,105
14,201,3,0.993399977684021,0.022093888372182846,294.81402683258057,5.526806831359863,162.31863713264465,105
15,215,3,0.9937000274658203,0.01989365741610527,314.9999678134918,5.734820604324341,173.66881680488586,105
16,230,4,0.9937999844551086,0.021859504282474518,337.3785743713379,6.571014642715454,185.8150544166565,105
17,244,4,0.9937000274658203,0.023688718676567078,357.5499310493469,6.801767110824585,197.14692997932434,105
18,259,4,0.9943000078201294,0.02143215574324131,379.3086473941803,7.099084138870239,209.25990200042725,105
19,273,4,0.9930999875068665,0.023339327424764633,399.5199315547943,7.32950496673584,220.60774326324463,105
20,287,4,0.9940999746322632,0.024994105100631714,419.7952826023102,7.58917498588562,231.93009209632874,105
