epoch,steps,syncs,accuracy,loss,time,com_time,calc_time,exper_id
1,58,3,0.9824000000953674,0.0553804449737072,72.32457756996155,2.340994119644165,46.36071848869324,106
2,116,3,0.989799976348877,0.032062627375125885,142.64404964447021,3.783679962158203,93.25724983215332,106
3,175,3,0.9922999739646912,0.02583223022520542,214.35340356826782,5.2572526931762695,141.02665615081787,106
4,233,3,0.991599977016449,0.02691609226167202,284.6037554740906,6.795985460281372,187.8284785747528,106
5,291,4,0.9925000071525574,0.022445522248744965,355.5510251522064,8.645462036132812,234.68899488449097,106
6,350,4,0.991599977016449,0.02297469973564148,426.7118101119995,10.231245517730713,282.2938766479492,106
7,408,4,0.9918000102043152,0.02712083049118519,497.2442789077759,11.628242015838623,329.1621284484863,106
8,466,4,0.9940999746322632,0.021671338006854057,568.6421155929565,14.09680461883545,376.0480914115906,106
9,525,5,0.992900013923645,0.023890739306807518,640.8528485298157,15.990374326705933,423.69027042388916,106
10,583,5,0.992900013923645,0.026028679683804512,711.3034586906433,17.43738842010498,470.5931420326233,106
11,642,5,0.9929999709129333,0.02378164790570736,783.983252286911,19.813528537750244,518.2496664524078,106
12,700,5,0.9939000010490417,0.022705402225255966,854.6281991004944,21.365227937698364,565.0629098415375,106
13,758,5,0.9943000078201294,0.020900163799524307,925.3044226169586,22.8407564163208,611.8628907203674,106
14,817,6,0.9926000237464905,0.028331464156508446,997.877368927002,24.676472902297974,659.547696352005,106
15,875,6,0.9944000244140625,0.0216604545712471,1068.7905976772308,26.209710121154785,706.4176366329193,106
16,933,6,0.9939000010490417,0.02313365414738655,1139.2102749347687,27.735297203063965,753.229240655899,106
17,992,6,0.9945999979972839,0.024005644023418427,1210.9234926700592,29.173774003982544,800.9108762741089,106
18,1050,6,0.9936000108718872,0.026283664628863335,1281.317509174347,30.652212619781494,847.7822604179382,106
19,1109,7,0.9934999942779541,0.024052750319242477,1353.4998502731323,32.56481671333313,895.3974545001984,106
20,1167,7,0.9936000108718872,0.02626888081431389,1423.8315422534943,34.13260555267334,942.1596021652222,106
