epoch,steps,syncs,accuracy,loss,time,com_time,calc_time,exper_id
1,29,2,0.9585999846458435,0.13064789772033691,43.297423124313354,0.7690041065216064,22.95850419998169,107
2,58,3,0.9817000031471252,0.05277625843882561,85.27221512794495,1.5518410205841064,46.42899250984192,107
3,87,3,0.9887999892234802,0.03313117474317551,126.83017706871033,1.9330925941467285,69.88011288642883,107
4,116,3,0.9905999898910522,0.02875448390841484,168.55034613609314,2.3986523151397705,93.33606100082397,107
5,146,3,0.9926000237464905,0.024347098544239998,211.58506417274475,2.7825679779052734,117.61075830459595,107
6,175,3,0.9922000169754028,0.02527385577559471,254.13786029815674,4.034437894821167,141.09362936019897,107
7,204,3,0.9937999844551086,0.019879167899489403,296.63176798820496,5.257381916046143,164.5483214855194,107
8,233,4,0.9927999973297119,0.02079748921096325,338.6358151435852,6.067172527313232,187.94033479690552,107
9,263,4,0.9943000078201294,0.01907184161245823,381.64712858200073,6.449995279312134,212.2117567062378,107
10,292,4,0.9940000176429749,0.020769115537405014,423.2277843952179,6.76882004737854,235.73145651817322,107
11,321,4,0.9933000206947327,0.020592069253325462,465.10186433792114,7.252002000808716,259.2331404685974,107
12,350,4,0.9937999844551086,0.020275859162211418,506.6409797668457,7.610278129577637,282.6872191429138,107
13,379,4,0.9937000274658203,0.019503716379404068,548.2910580635071,7.945091247558594,306.1790988445282,107
14,409,4,0.9934999942779541,0.022122614085674286,592.2442152500153,9.301518678665161,330.40598130226135,107
15,438,4,0.9940999746322632,0.018892992287874222,633.8619198799133,9.653363943099976,353.86559319496155,107
16,467,4,0.9937000274658203,0.02329198084771633,675.4275441169739,10.029670476913452,377.3284275531769,107
17,496,4,0.9933000206947327,0.024694740772247314,717.071281671524,10.367506742477417,400.83590936660767,107
18,526,5,0.9937000274658203,0.025189217180013657,760.5265185832977,11.122128963470459,425.1200659275055,107
19,555,5,0.9944000244140625,0.023117609322071075,802.1111717224121,11.452335119247437,448.60398411750793,107
20,584,5,0.992900013923645,0.024581825360655785,843.6416504383087,11.80556607246399,472.05315589904785,107
