epoch,steps,syncs,accuracy,loss,time,com_time,calc_time,exper_id
1,117,3,0.9837999939918518,0.05093614012002945,56.42402482032776,1.22868013381958,0.141737699508667,10
2,234,4,0.9904999732971191,0.026949139311909676,109.95644640922546,2.4251744747161865,0.28435444831848145,10
3,351,4,0.9896000027656555,0.032838355749845505,164.23350882530212,3.5763959884643555,0.43211865425109863,10
4,468,5,0.9941999912261963,0.018886784091591835,218.9206826686859,4.749451398849487,0.5714819431304932,10
5,585,5,0.9950000047683716,0.01941615715622902,273.70624136924744,5.933206558227539,0.7076623439788818,10
6,702,6,0.9930999875068665,0.021360209211707115,328.4659569263458,7.16510272026062,0.8376479148864746,10
7,820,7,0.9944999814033508,0.0210275761783123,383.7232003211975,8.435264348983765,0.9703583717346191,10
8,937,7,0.9930999875068665,0.022760065272450447,438.5555217266083,9.661278009414673,1.1109297275543213,10
9,1054,8,0.9923999905586243,0.02645602449774742,493.4449369907379,10.862525463104248,1.2545850276947021,10
10,1171,8,0.9944000244140625,0.022236239165067673,547.7425925731659,12.073533535003662,1.3904871940612793,10
