epoch,steps,syncs,accuracy,loss,time,com_time,calc_time,exper_id
1,29,2,0.6108999848365784,2.092176675796509,5.548778533935547,1.927633285522461,0.008008003234863281,10
2,58,3,0.8665000200271606,0.5095953345298767,7.690326929092407,2.8889684677124023,0.016443729400634766,10
3,87,4,0.9502999782562256,0.17522414028644562,9.76161527633667,3.822523593902588,0.02434706687927246,10
4,116,4,0.9502999782562256,0.17522414028644562,11.02713942527771,3.9338605403900146,0.03272819519042969,10
5,146,5,0.9715999960899353,0.08886367827653885,13.163758277893066,4.791996240615845,0.0425412654876709,10
6,175,5,0.9715999960899353,0.08886367827653885,14.452272176742554,4.969379186630249,0.05038785934448242,10
7,204,6,0.9812999963760376,0.05928574129939079,16.591866731643677,5.936562776565552,0.05874228477478027,10
8,233,6,0.9812999963760376,0.05928574129939079,17.888752937316895,6.103180646896362,0.06669759750366211,10
9,263,6,0.9812999963760376,0.05928574129939079,19.241816997528076,6.2738916873931885,0.07510662078857422,10
10,292,7,0.9847999811172485,0.04798878729343414,21.380021572113037,7.280296802520752,0.08304166793823242,10
11,321,7,0.9847999811172485,0.04798878729343414,22.64751935005188,7.3650922775268555,0.09230613708496094,10
12,350,8,0.9872999787330627,0.04068554565310478,24.849594831466675,8.336043119430542,0.10168838500976562,10
13,379,8,0.9872999787330627,0.04068554565310478,26.11536455154419,8.439592361450195,0.11029982566833496,10
14,409,8,0.9872999787330627,0.04068554565310478,27.44581651687622,8.55869436264038,0.11932849884033203,10
15,438,9,0.9887999892234802,0.03663313761353493,29.53355622291565,9.471027374267578,0.1279592514038086,10
16,467,9,0.9887999892234802,0.03663313761353493,30.811901569366455,9.624350309371948,0.13588404655456543,10
17,496,9,0.9887999892234802,0.03663313761353493,32.08602833747864,9.759434938430786,0.14386391639709473,10
18,526,10,0.991100013256073,0.030416779220104218,34.25167965888977,10.750468015670776,0.1519920825958252,10
19,555,10,0.991100013256073,0.030416779220104218,35.548232316970825,10.919845581054688,0.15986156463623047,10
20,584,11,0.9908000230789185,0.028853021562099457,37.85053277015686,12.06298303604126,0.16803359985351562,10
