epoch,steps,syncs,accuracy,loss,time,com_time,calc_time,exper_id
1,29,2,0.9427000284194946,0.18399935960769653,17.862010717391968,1.2886395454406738,0.056975364685058594,117
2,58,3,0.979200005531311,0.0620310977101326,34.41801047325134,2.706650733947754,0.10736608505249023,117
3,87,3,0.9872000217437744,0.03796926140785217,50.003360748291016,3.2356512546539307,0.15944290161132812,117
4,116,3,0.989300012588501,0.032862186431884766,65.85459589958191,3.836989402770996,0.21049022674560547,117
5,146,3,0.9916999936103821,0.02639755792915821,82.18547654151917,4.57712459564209,0.26903867721557617,117
6,175,3,0.9934999942779541,0.020289331674575806,97.86539149284363,5.408320188522339,0.3237481117248535,117
7,204,4,0.9927999973297119,0.02524411678314209,113.94544506072998,6.929423570632935,0.3758370876312256,117
8,233,4,0.9930999875068665,0.022139813750982285,129.28379702568054,7.8351099491119385,0.43760132789611816,117
9,263,4,0.9936000108718872,0.01940476894378662,145.37473011016846,8.77058482170105,0.4999527931213379,117
10,292,4,0.9926999807357788,0.027318181470036507,160.69024872779846,9.600098133087158,0.5634932518005371,117
11,321,4,0.9934999942779541,0.021198656409978867,176.35653042793274,10.425684213638306,0.6299898624420166,117
12,350,4,0.9937000274658203,0.022673556581139565,191.85626935958862,11.298190832138062,0.6848814487457275,117
13,379,4,0.9940000176429749,0.019383613020181656,207.30919551849365,12.17967438697815,0.7457430362701416,117
14,409,4,0.9948999881744385,0.019420938566327095,223.31124663352966,13.143235445022583,0.802894115447998,117
15,438,5,0.9937999844551086,0.023005330935120583,239.41291999816895,14.56924033164978,0.8613855838775635,117
16,467,5,0.9940000176429749,0.02276349812746048,254.94563698768616,15.473726272583008,0.916053295135498,117
17,496,5,0.9939000010490417,0.02225666120648384,270.31446528434753,16.374588012695312,0.9774589538574219,117
18,526,5,0.9940999746322632,0.022026311606168747,286.1667580604553,17.248274326324463,1.0477521419525146,117
19,555,5,0.9941999912261963,0.021153941750526428,301.66290497779846,18.116942167282104,1.1060893535614014,117
20,584,5,0.9940000176429749,0.02458122931420803,317.51375794410706,19.04464864730835,1.16546630859375,117
