epoch,steps,syncs,accuracy,loss,time,com_time,calc_time,exper_id
1,14,2,0.8407999873161316,0.5190074443817139,11.56607174873352,0.921818733215332,0.03412818908691406,119
2,28,2,0.9542999863624573,0.1485968977212906,20.575623035430908,1.111510992050171,0.06816339492797852,119
3,43,3,0.9764999747276306,0.07002101838588715,30.97708225250244,2.1316871643066406,0.11136293411254883,119
4,57,3,0.9855999946594238,0.04530515894293785,39.87945055961609,2.3250467777252197,0.14627838134765625,119
5,71,3,0.9882000088691711,0.03500756621360779,48.689796686172485,2.464323043823242,0.18038463592529297,119
6,86,3,0.989799976348877,0.03291155770421028,58.15060806274414,2.6017606258392334,0.21964788436889648,119
7,100,3,0.991100013256073,0.028117718175053596,67.08269357681274,2.7541468143463135,0.2527296543121338,119
8,115,3,0.9915000200271606,0.02653496339917183,76.65132737159729,2.911221504211426,0.29370856285095215,119
9,129,3,0.9911999702453613,0.029400579631328583,85.537593126297,3.0785768032073975,0.3306765556335449,119
10,143,3,0.9919999837875366,0.02370775118470192,94.43662333488464,3.2706754207611084,0.3585934638977051,119
11,158,3,0.9922999739646912,0.024505434557795525,103.97989583015442,3.496887683868408,0.39372754096984863,119
12,172,3,0.9926999807357788,0.022565774619579315,112.80258011817932,3.648420572280884,0.4240872859954834,119
13,187,3,0.9937999844551086,0.020765064284205437,122.22870230674744,3.7960031032562256,0.45535755157470703,119
14,201,3,0.9932000041007996,0.01945411041378975,131.03508234024048,3.9205002784729004,0.49109888076782227,119
15,215,4,0.992900013923645,0.021559003740549088,140.50852036476135,4.695443630218506,0.5327785015106201,119
16,230,4,0.9933000206947327,0.020567579194903374,150.03015756607056,4.855703830718994,0.5710341930389404,119
17,244,4,0.9930999875068665,0.023988088592886925,158.9480471611023,5.0432963371276855,0.6073498725891113,119
18,259,4,0.9929999709129333,0.024189254269003868,168.48904371261597,5.217071533203125,0.6506567001342773,119
19,273,4,0.9932000041007996,0.022747710347175598,177.59973812103271,5.45496678352356,0.6844935417175293,119
20,287,4,0.9929999709129333,0.02358216606080532,186.5318546295166,5.613894701004028,0.718900203704834,119
