epoch,steps,syncs,accuracy,loss,time,com_time,calc_time,exper_id
1,29,29,0.9401000142097473,0.196925088763237,28.385120391845703,24.98640489578247,0.0,11
2,58,58,0.9722999930381775,0.08523529767990112,53.60885214805603,48.96154451370239,0.0,11
3,87,87,0.9825000166893005,0.05752888321876526,78.23758482933044,72.34623122215271,0.0,11
4,116,116,0.9835000038146973,0.0489705391228199,103.27849435806274,96.14248251914978,0.0,11
5,146,146,0.9868000149726868,0.03754747286438942,129.258770942688,120.83325719833374,0.0,11
6,175,175,0.9886000156402588,0.03385006636381149,153.76363110542297,144.10073614120483,0.0,11
7,204,204,0.9905999898910522,0.029256338253617287,179.42184472084045,168.52593660354614,0.0,11
8,233,233,0.9904999732971191,0.028468746691942215,204.78596019744873,192.66725397109985,0.0,11
9,263,263,0.991599977016449,0.027488769963383675,230.20117473602295,216.79244112968445,0.0,11
10,292,292,0.9908999800682068,0.02722533605992794,255.22157859802246,240.56532835960388,0.0,11
11,321,321,0.9914000034332275,0.027508990839123726,280.57083654403687,264.6715862751007,0.0,11
12,350,350,0.9916999936103821,0.024524960666894913,306.0276925563812,288.8972079753876,0.0,11
13,379,379,0.9926000237464905,0.023041101172566414,331.1844527721405,312.79716873168945,0.0,11
14,409,409,0.9926000237464905,0.02323748543858528,357.0636224746704,337.40153217315674,0.0,11
15,438,438,0.9927999973297119,0.02159232459962368,382.1421797275543,361.23284459114075,0.0,11
16,467,467,0.9934999942779541,0.022694820538163185,407.02687978744507,384.86716985702515,0.0,11
17,496,496,0.9926000237464905,0.02306893840432167,431.5627360343933,408.1390368938446,0.0,11
18,526,526,0.9930999875068665,0.020523907616734505,456.967422246933,432.2677104473114,0.0,11
19,555,555,0.9927999973297119,0.023860301822423935,482.22208762168884,456.2689862251282,0.0,11
20,584,584,0.9922999739646912,0.025977209210395813,506.7838661670685,479.5884449481964,0.0,11
