epoch,steps,syncs,accuracy,loss,time,com_time,calc_time,exper_id
1,117,3,0.9835000038146973,0.0547298938035965,63.37638473510742,5.874914169311523,1.2233858108520508,121
2,234,4,0.9876000285148621,0.038147132843732834,124.49373269081116,11.733246088027954,2.14144229888916,121
3,351,4,0.9932000041007996,0.02110552042722702,184.66043257713318,17.127573490142822,3.0071425437927246,121
4,468,5,0.9926000237464905,0.02225537784397602,245.67205786705017,23.039653062820435,3.9046835899353027,121
5,585,5,0.9936000108718872,0.02009090967476368,305.6659529209137,28.469367504119873,4.74461030960083,121
6,702,6,0.9930999875068665,0.019146468490362167,366.8372459411621,34.56481909751892,5.653812646865845,121
7,820,7,0.9929999709129333,0.021984906867146492,428.52335596084595,40.6857807636261,6.546142339706421,121
8,937,7,0.9940999746322632,0.018871447071433067,488.69551730155945,46.08541131019592,7.4245924949646,121
9,1054,8,0.9945999979972839,0.020852116867899895,549.6412341594696,52.15176820755005,8.29423213005066,121
10,1171,8,0.9940999746322632,0.026212899014353752,610.0817234516144,57.59616827964783,9.184775590896606,121
11,1288,9,0.9936000108718872,0.02316182479262352,670.2993264198303,63.500117778778076,10.078309059143066,121
12,1405,10,0.9940000176429749,0.01924227923154831,731.2562203407288,69.43661332130432,10.983379602432251,121
13,1523,10,0.9940000176429749,0.01946946606040001,792.3411130905151,74.82466793060303,11.87137484550476,121
14,1640,11,0.9940999746322632,0.01988755725324154,853.2095487117767,80.94314980506897,12.714647054672241,121
15,1757,12,0.9936000108718872,0.029623648151755333,914.3859248161316,87.15262770652771,13.585938692092896,121
16,1874,12,0.9932000041007996,0.026708019897341728,974.9134016036987,92.64706754684448,14.480895042419434,121
17,1991,13,0.9934999942779541,0.03107176534831524,1036.4254221916199,98.64941215515137,15.384600639343262,121
18,2108,14,0.9930999875068665,0.023857245221734047,1097.2821831703186,104.68183088302612,16.29078245162964,121
19,2226,14,0.9945999979972839,0.024990690872073174,1157.5626029968262,110.34604048728943,17.1362624168396,121
20,2343,15,0.9945999979972839,0.02779778093099594,1218.278643131256,116.44558644294739,18.005954265594482,121
