epoch,steps,syncs,accuracy,loss,time,com_time,calc_time,exper_id
1,234,4,0.9890000224113464,0.036708418279886246,87.54437589645386,4.893043518066406,0.4498014450073242,122
2,468,5,0.9922999739646912,0.02314789779484272,172.20210194587708,9.862569570541382,0.9222238063812256,122
3,702,7,0.9914000034332275,0.032874614000320435,258.0950872898102,14.968053102493286,1.395038366317749,122
4,937,8,0.9926999807357788,0.024338489398360252,343.68867802619934,19.92153000831604,1.8640797138214111,122
5,1171,10,0.9933000206947327,0.022298015654087067,428.90803146362305,25.211913108825684,2.335676670074463,122
6,1405,11,0.992900013923645,0.030413979664444923,514.5395183563232,30.166642427444458,2.818549394607544,122
7,1639,13,0.9934999942779541,0.02311578020453453,599.7974243164062,35.504111766815186,3.3168747425079346,122
8,1874,14,0.9929999709129333,0.024093175306916237,684.3191421031952,40.43039393424988,3.789155960083008,122
9,2108,16,0.9936000108718872,0.023997098207473755,768.2923347949982,45.76439118385315,4.261504411697388,122
10,2342,17,0.9926999807357788,0.03106844797730446,852.664585351944,50.50243067741394,4.743955612182617,122
11,2577,18,0.9940999746322632,0.027667846530675888,937.3214709758759,55.276317834854126,5.237158298492432,122
12,2811,20,0.9945999979972839,0.01999737322330475,1022.1994009017944,60.42478132247925,5.73215126991272,122
13,3045,22,0.9948999881744385,0.020878257229924202,1108.459324836731,65.8816921710968,6.199961423873901,122
14,3279,24,0.9908000230789185,0.040969669818878174,1193.3887238502502,71.19758868217468,6.67386531829834,122
15,3514,26,0.9939000010490417,0.03054160811007023,1278.51642370224,76.39720368385315,7.1469151973724365,122
16,3748,28,0.9944000244140625,0.021712515503168106,1364.5084481239319,81.60401606559753,7.631394386291504,122
17,3982,29,0.9939000010490417,0.024677395820617676,1449.0086777210236,86.54681420326233,8.10255217552185,122
18,4216,31,0.9926999807357788,0.03169677034020424,1534.819239616394,91.9083354473114,8.580636978149414,122
19,4451,32,0.992900013923645,0.03396807238459587,1619.9172785282135,96.80812454223633,9.059551000595093,122
20,4685,34,0.9947999715805054,0.02302442118525505,1704.652280330658,102.21331143379211,9.533137798309326,122
