epoch,steps,syncs,accuracy,loss,time,com_time,calc_time,exper_id
1,58,3,0.977400004863739,0.07249705493450165,33.61439108848572,3.611184597015381,0.5960042476654053,123
2,116,3,0.9887999892234802,0.03491002321243286,64.3567361831665,6.299778461456299,1.0948963165283203,123
3,175,3,0.9889000058174133,0.0318140909075737,95.49901843070984,9.257086515426636,1.5764269828796387,123
4,233,4,0.9912999868392944,0.03155504912137985,126.7827296257019,12.704402208328247,2.0350074768066406,123
5,291,4,0.9918000102043152,0.025495747104287148,157.26708149909973,15.398911952972412,2.520146131515503,123
6,350,4,0.9932000041007996,0.021201802417635918,188.538094997406,18.25410532951355,2.995588779449463,123
7,408,4,0.9927999973297119,0.02409660816192627,218.8961968421936,20.92460536956787,3.483419895172119,123
8,466,5,0.9934999942779541,0.021160002797842026,250.2859296798706,24.246269702911377,3.9548287391662598,123
9,525,5,0.9936000108718872,0.022126926109194756,281.5346419811249,27.058865547180176,4.43621563911438,123
10,583,5,0.9926999807357788,0.027903316542506218,312.11717987060547,29.75183391571045,4.922137022018433,123
11,642,5,0.9932000041007996,0.021995380520820618,343.39015913009644,32.481116771698,5.3996686935424805,123
12,700,5,0.9934999942779541,0.022046472877264023,374.01050996780396,35.24504590034485,5.8841588497161865,123
13,758,6,0.9940999746322632,0.026945989578962326,405.34271121025085,38.820003032684326,6.341073274612427,123
14,817,6,0.9937999844551086,0.02340712398290634,436.36264657974243,41.62845706939697,6.800960063934326,123
15,875,6,0.9944000244140625,0.020173540338873863,466.836795091629,44.2489709854126,7.292248964309692,123
16,933,6,0.9945999979972839,0.02264399640262127,497.32412934303284,46.904876947402954,7.786140203475952,123
17,992,6,0.9940000176429749,0.026674319058656693,528.7490386962891,49.58149456977844,8.275467157363892,123
18,1050,7,0.9954000115394592,0.020616192370653152,559.9177551269531,52.89098310470581,8.759595155715942,123
19,1109,7,0.993399977684021,0.022585788741707802,591.3904738426208,55.665050745010376,9.255300760269165,123
20,1167,7,0.9940999746322632,0.022423889487981796,622.286669254303,58.39984130859375,9.747670888900757,123
