epoch,steps,syncs,accuracy,loss,time,com_time,calc_time,exper_id
1,29,2,0.9574999809265137,0.13454872369766235,18.352219820022583,1.8519151210784912,0.3054783344268799,124
2,58,3,0.9833999872207642,0.05352407321333885,35.34979200363159,3.8575918674468994,0.5532937049865723,124
3,87,3,0.9876000285148621,0.0372600294649601,51.78058362007141,5.208890199661255,0.7924473285675049,124
4,116,3,0.9908000230789185,0.027328863739967346,67.98132991790771,6.65850305557251,1.013261318206787,124
5,146,3,0.9907000064849854,0.029259027913212776,84.71070051193237,8.132336139678955,1.2401137351989746,124
6,175,3,0.9923999905586243,0.022463958710432053,101.07704663276672,9.560654401779175,1.4293756484985352,124
7,204,4,0.9934999942779541,0.02061043120920658,118.10334134101868,11.814393758773804,1.625281810760498,124
8,233,4,0.9939000010490417,0.021404407918453217,134.56607842445374,13.280456304550171,1.816971778869629,124
9,263,4,0.9919000267982483,0.02400585636496544,151.08370971679688,14.78022813796997,2.009949207305908,124
10,292,4,0.9937999844551086,0.022321417927742004,167.2911992073059,16.25262212753296,2.188109874725342,124
11,321,4,0.9933000206947327,0.02198472060263157,183.55002188682556,17.62832236289978,2.407256603240967,124
12,350,4,0.9937000274658203,0.02254684455692768,199.92945313453674,19.10544514656067,2.6001126766204834,124
13,379,4,0.9940999746322632,0.02163536287844181,216.02264285087585,20.554089307785034,2.785776376724243,124
14,409,4,0.9926999807357788,0.025229347869753838,232.9636950492859,22.111324310302734,2.974189043045044,124
15,438,4,0.993399977684021,0.020222093909978867,249.10380101203918,23.613844633102417,3.1649420261383057,124
16,467,5,0.9940000176429749,0.021925078704953194,265.80004835128784,25.63926887512207,3.395015239715576,124
17,496,5,0.9943000078201294,0.024435142055153847,281.8882658481598,27.145451068878174,3.5702474117279053,124
18,526,5,0.9940999746322632,0.026118071749806404,298.7633934020996,28.705129861831665,3.778191089630127,124
19,555,5,0.9941999912261963,0.029063953086733818,314.73918437957764,30.124694347381592,3.984095335006714,124
20,584,5,0.9940000176429749,0.024988017976284027,330.79900574684143,31.498313188552856,4.224518537521362,124
