epoch,steps,syncs,accuracy,loss,time,com_time,calc_time,exper_id
1,14,2,0.8461999893188477,0.496492862701416,11.592866897583008,0.7686083316802979,0.15526175498962402,125
2,28,2,0.9562000036239624,0.13124188780784607,20.917338848114014,1.0180552005767822,0.31598854064941406,125
3,43,3,0.9764000177383423,0.07432834059000015,31.38794755935669,1.845261573791504,0.4711446762084961,125
4,57,3,0.9840999841690063,0.04764426127076149,40.55661392211914,2.04233455657959,0.6307535171508789,125
5,71,3,0.9886000156402588,0.03455445170402527,49.706695318222046,2.2726686000823975,0.7799067497253418,125
6,86,3,0.9889000058174133,0.032657191157341,59.79516839981079,2.7583916187286377,0.9412491321563721,125
7,100,3,0.9890999794006348,0.03155851736664772,69.01150560379028,2.9839608669281006,1.1041460037231445,125
8,115,3,0.9922000169754028,0.024581115692853928,78.86696147918701,3.2507715225219727,1.2730448246002197,125
9,129,3,0.9919000267982483,0.024875067174434662,88.21073055267334,3.5390522480010986,1.4076502323150635,125
10,143,3,0.9921000003814697,0.02536744251847267,97.34468936920166,3.7610416412353516,1.5643432140350342,125
11,158,3,0.9926000237464905,0.024800602346658707,107.2813606262207,4.048616170883179,1.7132527828216553,125
12,172,3,0.992900013923645,0.025134429335594177,116.39020013809204,4.250043869018555,1.8677401542663574,125
13,187,3,0.9927999973297119,0.022453466430306435,126.20544338226318,4.5173163414001465,2.011786460876465,125
14,201,3,0.9934999942779541,0.02289942093193531,135.4222605228424,4.798303604125977,2.139759063720703,125
15,215,4,0.9930999875068665,0.021177493035793304,145.1361529827118,5.623006820678711,2.2857468128204346,125
16,230,4,0.9923999905586243,0.027969421818852425,154.95521712303162,5.821277856826782,2.451843023300171,125
17,244,4,0.9937000274658203,0.023831630125641823,164.29162406921387,6.109496116638184,2.5855093002319336,125
18,259,4,0.9930999875068665,0.02371535263955593,174.12148761749268,6.395766973495483,2.7278900146484375,125
19,273,4,0.9937000274658203,0.024182308465242386,183.42003798484802,6.7140350341796875,2.865994453430176,125
20,287,4,0.9940000176429749,0.023998035117983818,192.63887786865234,6.969599962234497,3.0113894939422607,125
