epoch,steps,syncs,accuracy,loss,time,com_time,calc_time,exper_id
1,117,3,0.9868000149726868,0.04537580534815788,46.58997392654419,3.2512059211730957,0.24115252494812012,126
2,234,4,0.9898999929428101,0.028576336801052094,91.21709036827087,6.051987886428833,0.49361467361450195,126
3,351,5,0.9934999942779541,0.02285616099834442,135.77686285972595,8.776396751403809,0.743584156036377,126
4,468,5,0.9936000108718872,0.02207462303340435,180.18562483787537,11.46618103981018,0.9857757091522217,126
5,585,6,0.9919999837875366,0.0275760218501091,224.40158462524414,14.295413494110107,1.2380943298339844,126
6,702,6,0.9937000274658203,0.02090751938521862,268.27002596855164,16.6822612285614,1.484529733657837,126
7,820,7,0.9945999979972839,0.023005858063697815,313.2341117858887,19.720837116241455,1.7419631481170654,126
8,937,7,0.9941999912261963,0.01750156097114086,356.9774012565613,21.956866979599,2.0110466480255127,126
9,1054,8,0.9934999942779541,0.01883232593536377,400.94332122802734,24.696998596191406,2.2716758251190186,126
10,1171,9,0.9950000047683716,0.020123986527323723,445.66145968437195,27.553778886795044,2.52580189704895,126
11,1288,9,0.9948999881744385,0.020652009174227715,490.54728651046753,30.087624549865723,2.763036012649536,126
12,1405,10,0.9952999949455261,0.01794932223856449,535.5621950626373,32.959529399871826,3.0086796283721924,126
13,1523,10,0.9945999979972839,0.02525356411933899,580.05024766922,35.362773180007935,3.2713727951049805,126
14,1640,11,0.9945999979972839,0.022288380190730095,624.8598289489746,38.173811197280884,3.507398843765259,126
15,1757,12,0.9933000206947327,0.02898886427283287,669.8307213783264,40.95118474960327,3.7665421962738037,126
16,1874,12,0.9943000078201294,0.0254319217056036,714.1470901966095,43.34770369529724,4.012010097503662,126
17,1991,13,0.994700014591217,0.023030420765280724,758.971745967865,46.10723114013672,4.260731935501099,126
18,2108,14,0.9951000213623047,0.020979952067136765,803.3488953113556,48.866090059280396,4.499474048614502,126
19,2226,15,0.9929999709129333,0.03625444322824478,848.3864092826843,51.59477615356445,4.752507209777832,126
20,2343,15,0.9941999912261963,0.03275802731513977,892.9058773517609,53.85590100288391,5.012590646743774,126
