epoch,steps,syncs,accuracy,loss,time,com_time,calc_time,exper_id
1,117,7,0.9226999878883362,0.2672273814678192,6.756803274154663,0.2329413890838623,0.08562946319580078,12
2,234,10,0.9470999836921692,0.1799694448709488,9.228909730911255,0.4528625011444092,0.17163395881652832,12
