epoch,steps,syncs,accuracy,loss,time,com_time,calc_time,exper_id
1,234,4,0.9884999990463257,0.03599928319454193,91.26082491874695,5.217312574386597,2.218778133392334,130
2,468,5,0.991599977016449,0.026872845366597176,180.30533027648926,11.01866602897644,4.323520660400391,130
3,702,6,0.9923999905586243,0.024351591244339943,269.47551465034485,17.671212196350098,6.535285472869873,130
4,937,8,0.992900013923645,0.020739788189530373,359.94174671173096,24.90541934967041,8.708008527755737,130
5,1171,9,0.9932000041007996,0.021169478073716164,448.64913058280945,31.670929431915283,10.874165296554565,130
6,1405,10,0.993399977684021,0.021981827914714813,537.6797397136688,38.527486085891724,13.041225671768188,130
7,1639,11,0.9941999912261963,0.023307567462325096,627.9619290828705,45.43003273010254,15.130082845687866,130
8,1874,13,0.9930999875068665,0.02466536872088909,718.0811371803284,52.59581542015076,17.296218872070312,130
9,2108,14,0.993399977684021,0.022841013967990875,807.1898849010468,59.133156299591064,19.55547857284546,130
10,2342,15,0.9947999715805054,0.021136391907930374,896.3303117752075,65.86522197723389,21.788426876068115,130
11,2577,17,0.994700014591217,0.019572986289858818,984.9695560932159,72.92143058776855,24.0046865940094,130
12,2811,19,0.9921000003814697,0.03566133975982666,1073.18146443367,79.89403438568115,26.259201526641846,130
13,3045,21,0.993399977684021,0.028015676885843277,1161.5662846565247,87.12520718574524,28.379578590393066,130
14,3279,23,0.9944000244140625,0.023554686456918716,1251.1697480678558,94.07706689834595,30.61172842979431,130
15,3514,24,0.9950000047683716,0.020604420453310013,1341.1542851924896,100.94994068145752,32.77207136154175,130
16,3748,26,0.9937999844551086,0.023726213723421097,1430.670761346817,107.81668043136597,34.99903440475464,130
17,3982,28,0.9923999905586243,0.032308969646692276,1519.6297295093536,115.12023687362671,37.10684776306152,130
18,4216,30,0.9933000206947327,0.030919454991817474,1608.2970695495605,122.21999907493591,39.30364990234375,130
19,4451,31,0.9927999973297119,0.033773262053728104,1697.0253598690033,128.82406401634216,41.496270418167114,130
20,4685,33,0.992900013923645,0.027328042313456535,1787.4084873199463,136.11880445480347,43.68218541145325,130
