epoch,steps,syncs,accuracy,loss,time,com_time,calc_time,exper_id
1,117,3,0.9847000241279602,0.0547063834965229,154.4380567073822,6.719411373138428,93.96104550361633,131
2,234,4,0.9890999794006348,0.0379471480846405,308.2007248401642,14.21337103843689,188.31633973121643,131
3,351,4,0.9921000003814697,0.027920391410589218,460.31987857818604,19.865439414978027,282.79584646224976,131
4,468,5,0.9912999868392944,0.027461688965559006,613.3939702510834,26.576236486434937,377.2635495662689,131
5,585,5,0.9922999739646912,0.02444039285182953,765.9630494117737,32.784184217453,471.78472924232483,131
6,702,6,0.9940999746322632,0.019409259781241417,918.851357460022,38.886451721191406,566.3664400577545,131
7,820,6,0.9940999746322632,0.020909879356622696,1072.6628513336182,44.375616788864136,661.6923780441284,131
8,937,7,0.9951000213623047,0.01861250214278698,1224.7611637115479,50.40176439285278,756.0347421169281,131
9,1054,8,0.9933000206947327,0.02190353348851204,1378.9930427074432,58.473233461380005,850.4672966003418,131
10,1171,8,0.993399977684021,0.02412591688334942,1532.0424845218658,64.98917627334595,944.8899350166321,131
11,1288,8,0.9934999942779541,0.024189086630940437,1684.6103203296661,71.27860498428345,1039.302395105362,131
12,1405,9,0.9934999942779541,0.025898635387420654,1837.1682677268982,77.36399483680725,1133.6604018211365,131
13,1523,10,0.9945999979972839,0.020829861983656883,1990.5541336536407,83.26654314994812,1228.9163661003113,131
14,1640,10,0.9923999905586243,0.025580095127224922,2142.7103991508484,88.6713240146637,1323.385941028595,131
15,1757,11,0.9929999709129333,0.028798073530197144,2295.3572940826416,94.71502137184143,1417.8424208164215,131
16,1874,12,0.994700014591217,0.02316267043352127,2448.808176755905,101.55200815200806,1512.3025856018066,131
17,1991,12,0.9940999746322632,0.02382432296872139,2601.4235310554504,107.0265998840332,1606.733570575714,131
18,2108,13,0.9925000071525574,0.03403434902429581,2755.1492953300476,114.4089183807373,1701.0715427398682,131
19,2226,14,0.9937000274658203,0.02913157269358635,2909.4626994132996,121.54693150520325,1796.2651438713074,131
20,2343,14,0.9950000047683716,0.02121676877140999,3061.898546218872,127.28666305541992,1890.7562255859375,131
