epoch,steps,syncs,accuracy,loss,time,com_time,calc_time,exper_id
1,117,3,0.9865999817848206,0.04628492146730423,49.28204274177551,3.0392730236053467,1.2932567596435547,132
2,234,4,0.9909999966621399,0.0274110846221447,96.51110291481018,6.348413944244385,2.3955843448638916,132
3,351,4,0.9926999807357788,0.02236063778400421,143.36137056350708,9.257296085357666,3.504188060760498,132
4,468,5,0.9921000003814697,0.02600444108247757,190.0449366569519,12.573768615722656,4.613297700881958,132
5,585,5,0.992900013923645,0.02261931262910366,236.67850971221924,15.547548770904541,5.72266411781311,132
6,702,6,0.9929999709129333,0.02371147833764553,283.38112902641296,19.11701989173889,6.758459806442261,132
7,820,6,0.9929999709129333,0.023727523162961006,330.02605175971985,22.23831272125244,7.811150789260864,132
8,937,7,0.9925000071525574,0.025180578231811523,377.2269594669342,25.578325986862183,8.933160066604614,132
9,1054,8,0.9945999979972839,0.019726132974028587,424.673091173172,29.009066820144653,9.991538524627686,132
10,1171,8,0.9944000244140625,0.020506009459495544,471.31947112083435,32.02538871765137,11.042234420776367,132
11,1288,9,0.9933000206947327,0.02673676796257496,517.9015655517578,35.287190437316895,12.161100387573242,132
12,1405,9,0.9927999973297119,0.031594984233379364,563.9857096672058,38.17586898803711,13.273188829421997,132
13,1523,10,0.9944999814033508,0.026695197448134422,611.7772464752197,41.64262104034424,14.340786933898926,132
14,1640,11,0.9944999814033508,0.018686531111598015,659.3212661743164,45.07322978973389,15.472932815551758,132
15,1757,11,0.993399977684021,0.02596922591328621,706.1670768260956,48.00416851043701,16.631273984909058,132
16,1874,12,0.992900013923645,0.03243808448314667,753.4473938941956,51.42767143249512,17.683083534240723,132
17,1991,12,0.9947999715805054,0.021549098193645477,799.3587760925293,54.22568345069885,18.84198307991028,132
18,2108,13,0.992900013923645,0.035146262496709824,846.4584078788757,57.742613554000854,19.939126014709473,132
19,2226,13,0.9933000206947327,0.02531018666923046,893.5577638149261,60.8325560092926,21.042766094207764,132
20,2343,14,0.9937000274658203,0.028313571587204933,939.8234105110168,64.19757270812988,22.070419788360596,132
