epoch,steps,syncs,accuracy,loss,time,com_time,calc_time,exper_id
1,58,3,0.9764999747276306,0.07503662258386612,79.56220698356628,5.050229787826538,46.28845763206482,134
2,116,3,0.9879000186920166,0.038013409823179245,157.4288454055786,8.611356019973755,93.9473226070404,134
3,175,3,0.9909999966621399,0.029845699667930603,234.82448863983154,11.808374881744385,141.51127409934998,134
4,233,4,0.991599977016449,0.02984055131673813,311.57967376708984,15.086377382278442,188.3700270652771,134
5,291,4,0.9919000267982483,0.02521984465420246,389.1987009048462,19.235934495925903,235.1899025440216,134
6,350,4,0.9921000003814697,0.025085540488362312,466.1890525817871,22.112391233444214,282.7710874080658,134
7,408,4,0.9909999966621399,0.02904568798840046,541.861819267273,24.84891390800476,329.62579584121704,134
8,466,5,0.9929999709129333,0.02197878248989582,618.1339786052704,28.394793033599854,376.42475605010986,134
9,525,5,0.9921000003814697,0.02394559234380722,696.2650709152222,32.26284122467041,424.10568141937256,134
10,583,5,0.9939000010490417,0.021904168650507927,772.1385774612427,35.070470571517944,470.95195984840393,134
11,642,5,0.9944999814033508,0.02033386006951332,849.0309801101685,37.928016901016235,518.5666420459747,134
12,700,6,0.9951000213623047,0.020890090614557266,925.6349828243256,41.30648493766785,565.4302234649658,134
13,758,6,0.9943000078201294,0.02315637655556202,1004.3530583381653,46.96241116523743,612.2183585166931,134
14,817,6,0.9936000108718872,0.023887958377599716,1081.6862275600433,49.70476937294006,659.8623600006104,134
15,875,6,0.9934999942779541,0.027568252757191658,1157.6252584457397,52.57079482078552,706.6631417274475,134
16,933,6,0.9919999837875366,0.02609468437731266,1233.4241869449615,55.456385135650635,753.4865443706512,134
17,992,7,0.9936000108718872,0.028709542006254196,1312.110188961029,59.86247992515564,801.0805399417877,134
18,1050,7,0.9954000115394592,0.017377378419041634,1387.7194209098816,62.57413935661316,847.8986585140228,134
19,1109,7,0.9940000176429749,0.02204260788857937,1465.073825597763,65.52353715896606,895.4812867641449,134
20,1167,7,0.9929999709129333,0.030468033626675606,1542.090241909027,69.1800332069397,942.2771348953247,134
