epoch,steps,syncs,accuracy,loss,time,com_time,calc_time,exper_id
1,14,2,0.8305000066757202,0.569379448890686,22.374445915222168,0.9131488800048828,10.85096025466919,138
2,28,2,0.9617999792098999,0.13036330044269562,42.69497227668762,1.2411746978759766,22.167856216430664,138
3,43,3,0.978600025177002,0.06562040001153946,65.09382224082947,2.2221786975860596,34.31613636016846,138
4,57,3,0.9865000247955322,0.04949139803647995,85.39103865623474,2.513887643814087,45.646929025650024,138
5,71,3,0.987500011920929,0.0393911637365818,105.6523187160492,2.771359443664551,57.012718200683594,138
6,86,3,0.9911999702453613,0.03092486970126629,127.40616965293884,3.064375400543213,69.19793057441711,138
7,100,3,0.988099992275238,0.03375156968832016,147.65501475334167,3.3760788440704346,80.5135748386383,138
8,115,3,0.9922999739646912,0.025260135531425476,169.47622656822205,3.7052783966064453,92.66554665565491,138
9,129,3,0.9922000169754028,0.025494731962680817,189.76642847061157,3.9858274459838867,103.98669338226318,138
10,143,3,0.9915000200271606,0.024819843471050262,210.05107593536377,4.315876483917236,115.32249045372009,138
11,158,3,0.9919999837875366,0.025679992511868477,231.82822394371033,4.664468050003052,127.47159075737,138
12,172,3,0.9926000237464905,0.025250600650906563,252.01576352119446,4.924691200256348,138.8087763786316,138
13,187,3,0.9944999814033508,0.020365700125694275,273.8421702384949,5.263448476791382,150.9795753955841,138
14,201,3,0.9926000237464905,0.025271205231547356,294.29395508766174,5.581904411315918,162.35834884643555,138
15,215,4,0.9937000274658203,0.020304245874285698,315.42623257637024,6.636297702789307,173.71172618865967,138
16,230,4,0.9943000078201294,0.020527489483356476,337.1652159690857,6.8909642696380615,185.86992979049683,138
17,244,4,0.9937999844551086,0.02267032489180565,357.4988491535187,7.243833065032959,197.17975449562073,138
18,259,4,0.9939000010490417,0.02309085801243782,379.24275517463684,7.498456001281738,209.35390853881836,138
19,273,4,0.9937000274658203,0.02480204775929451,400.5173490047455,7.803839206695557,221.5932104587555,138
20,287,4,0.9932000041007996,0.030894488096237183,420.8540852069855,8.142671823501587,232.94432520866394,138
