epoch,steps,syncs,accuracy,loss,time,com_time,calc_time,exper_id
1,29,29,0.11349999904632568,2.3011839389801025,30.514191389083862,11.213614225387573,0.0,13
2,58,58,0.1817999929189682,2.0135679244995117,59.526209592819214,22.62278652191162,0.0,13
3,87,87,0.631600022315979,1.0238789319992065,88.25286602973938,33.865626096725464,0.0,13
4,116,116,0.8569999933242798,0.45247015357017517,117.03317856788635,45.11005210876465,0.0,13
5,146,146,0.9214000105857849,0.24201807379722595,146.74658513069153,56.62490272521973,0.0,13
6,175,175,0.9491000175476074,0.15876924991607666,175.41876077651978,67.77837705612183,0.0,13
7,204,204,0.960099995136261,0.12479367852210999,204.04068446159363,78.81468534469604,0.0,13
8,233,233,0.9711999893188477,0.09296347945928574,232.7170534133911,89.93287062644958,0.0,13
9,263,263,0.9786999821662903,0.07021825760602951,262.53719568252563,101.58253121376038,0.0,13
10,292,292,0.9812999963760376,0.06279224902391434,291.2492549419403,112.6796703338623,0.0,13
11,321,321,0.9818000197410583,0.05953582748770714,319.9568018913269,123.77632689476013,0.0,13
12,350,350,0.9858999848365784,0.04542328044772148,348.63115668296814,134.96266746520996,0.0,13
13,379,379,0.9876000285148621,0.04016503319144249,377.7679100036621,146.5436635017395,0.0,13
14,409,409,0.9886000156402588,0.03715830296278,407.5417935848236,158.14312171936035,0.0,13
15,438,438,0.9884999990463257,0.03971739858388901,436.52269315719604,169.50153970718384,0.0,13
16,467,467,0.9894999861717224,0.03450009599328041,465.28772044181824,180.74782252311707,0.0,13
17,496,496,0.9898999929428101,0.03567089885473251,494.13378405570984,192.007972240448,0.0,13
18,526,526,0.9896000027656555,0.03641766309738159,523.8825051784515,203.52883791923523,0.0,13
19,555,555,0.9900000095367432,0.036048781126737595,552.8852093219757,214.89847087860107,0.0,13
20,584,584,0.9908999800682068,0.033431846648454666,581.7116551399231,226.0709776878357,0.0,13
