epoch,steps,syncs,accuracy,loss,time,com_time,calc_time,exper_id
1,234,6,0.9805999994277954,0.06278427690267563,16.30202341079712,1.6699883937835693,0.06321525573730469,13
2,468,9,0.9864000082015991,0.04307615011930466,25.884140491485596,2.5344979763031006,0.12595748901367188,13
3,702,12,0.9919000267982483,0.028106387704610825,35.42407751083374,3.2976489067077637,0.18896722793579102,13
4,937,14,0.9929999709129333,0.023200394585728645,45.01045274734497,4.067184925079346,0.25263118743896484,13
5,1171,17,0.9932000041007996,0.02065451443195343,54.57090926170349,4.9563493728637695,0.3154323101043701,13
6,1405,20,0.9948999881744385,0.018577704206109047,64.63800168037415,5.884470701217651,0.3844935894012451,13
7,1639,23,0.9934999942779541,0.02197672426700592,74.4668607711792,7.083202600479126,0.4454376697540283,13
8,1874,26,0.9944000244140625,0.019167102873325348,84.28386902809143,8.068494319915771,0.5092201232910156,13
9,2108,29,0.9945999979972839,0.01815904676914215,94.09409523010254,9.1881103515625,0.570993185043335,13
10,2342,32,0.9950000047683716,0.016647696495056152,103.35245370864868,10.013909578323364,0.6305067539215088,13
11,2577,35,0.9948999881744385,0.01715659722685814,113.19433307647705,10.92624044418335,0.6959788799285889,13
12,2811,38,0.9950000047683716,0.02047189511358738,122.71238994598389,11.81252145767212,0.7572157382965088,13
13,3045,41,0.9950000047683716,0.020877694711089134,132.37036776542664,12.566393852233887,0.8228349685668945,13
14,3279,45,0.9958999752998352,0.017395280301570892,142.24156975746155,13.72968578338623,0.884911060333252,13
15,3514,48,0.9950000047683716,0.017546292394399643,151.81036496162415,14.59587574005127,0.9471538066864014,13
16,3748,52,0.9947999715805054,0.018878493458032608,161.56138586997986,15.747454404830933,1.007753849029541,13
17,3982,55,0.9951000213623047,0.017506754025816917,171.24667263031006,16.752233266830444,1.069629430770874,13
18,4216,58,0.9950000047683716,0.019578980281949043,181.03837633132935,17.588423252105713,1.1364014148712158,13
19,4451,61,0.9951000213623047,0.018068930134177208,190.59483861923218,18.54255247116089,1.1976423263549805,13
20,4685,64,0.9951000213623047,0.019963150843977928,199.90881657600403,19.408740282058716,1.2571523189544678,13
