epoch,steps,syncs,accuracy,loss,time,com_time,calc_time,exper_id
1,117,7,0.9235000014305115,0.26160645484924316,6.180868625640869,0.2713444232940674,0.08071565628051758,13
2,234,10,0.9506000280380249,0.16322985291481018,8.646678924560547,0.5127856731414795,0.15767192840576172,13
