epoch,steps,syncs,accuracy,loss,time,com_time,calc_time,exper_id
1,58,58,0.3255000114440918,1.8294543027877808,65.41116261482239,37.26358151435852,0.0,142
2,116,116,0.7120000123977661,0.759975016117096,129.4921100139618,75.03009510040283,0.0,142
3,175,175,0.9377999901771545,0.20815454423427582,193.88162207603455,112.31567192077637,0.0,142
4,233,233,0.9642999768257141,0.11310611665248871,256.6737930774689,149.02197241783142,0.0,142
5,291,291,0.9729999899864197,0.08269837498664856,321.8171899318695,187.54392170906067,0.0,142
6,350,350,0.978600025177002,0.06891129165887833,386.83776116371155,225.4388678073883,0.0,142
7,408,408,0.9825000166893005,0.056541137397289276,450.3649785518646,262.5020501613617,0.0,142
8,466,466,0.983299970626831,0.05322088673710823,513.2178680896759,299.13810539245605,0.0,142
9,525,525,0.984000027179718,0.05310104414820671,577.3321812152863,336.5288589000702,0.0,142
10,583,583,0.9858999848365784,0.04651382565498352,641.0941236019135,373.70846128463745,0.0,142
11,642,642,0.9866999983787537,0.04415656253695488,705.529999256134,411.5294940471649,0.0,142
12,700,700,0.9886000156402588,0.042386509478092194,770.0652997493744,449.32583475112915,0.0,142
13,758,758,0.9864000082015991,0.04192420095205307,833.8011944293976,486.8235054016113,0.0,142
14,817,817,0.9883000254631042,0.03798187896609306,897.9171936511993,524.2623698711395,0.0,142
15,875,875,0.9890000224113464,0.03622080385684967,962.0391762256622,562.1605260372162,0.0,142
16,933,933,0.9886000156402588,0.03709841147065163,1026.0500285625458,599.4984383583069,0.0,142
17,992,992,0.9873999953269958,0.04776846989989281,1090.202271938324,636.8447189331055,0.0,142
18,1050,1050,0.9894999861717224,0.03461384028196335,1153.9126822948456,674.2310781478882,0.0,142
19,1109,1109,0.9894999861717224,0.0361551009118557,1218.1288981437683,711.7324826717377,0.0,142
20,1167,1167,0.9889000058174133,0.0390467569231987,1281.6140773296356,748.8208811283112,0.0,142
