epoch,steps,syncs,accuracy,loss,time,com_time,calc_time,exper_id
1,234,4,0.9854000210762024,0.049214087426662445,274.59157729148865,7.502427577972412,188.62266373634338,144
2,468,5,0.9902999997138977,0.03044155240058899,548.8002045154572,15.013506650924683,377.5347354412079,144
3,702,6,0.9925000071525574,0.023380428552627563,822.5882799625397,21.51927876472473,566.4272377490997,144
4,937,7,0.9919999837875366,0.02547965757548809,1098.0351090431213,29.8692889213562,756.5214555263519,144
5,1171,8,0.9937999844551086,0.02280886285007,1371.8945305347443,36.83547329902649,945.3703999519348,144
6,1405,10,0.9944000244140625,0.02048654481768608,1647.5990853309631,46.42936849594116,1134.3336782455444,144
7,1639,11,0.992900013923645,0.026331286877393723,1922.677990913391,54.60895395278931,1323.90127658844,144
8,1874,12,0.9933000206947327,0.026712292805314064,2197.7127792835236,60.93100023269653,1514.6077153682709,144
9,2108,13,0.9934999942779541,0.024933431297540665,2471.440806388855,68.95529532432556,1703.5978000164032,144
10,2342,15,0.9944999814033508,0.021278083324432373,2745.5962777137756,75.80849647521973,1893.4817008972168,144
11,2577,16,0.9930999875068665,0.030537893995642662,3019.5174283981323,81.82184886932373,2084.231550693512,144
12,2811,18,0.9950000047683716,0.018614932894706726,3293.420705318451,88.0091860294342,2274.4653408527374,144
13,3045,19,0.9933000206947327,0.029741410166025162,3565.7274549007416,94.54540753364563,2463.3865571022034,144
14,3279,20,0.9929999709129333,0.04073788970708847,3838.782229423523,100.68551516532898,2652.492748975754,144
15,3514,22,0.9926000237464905,0.032935403287410736,4114.1545531749725,108.23981404304504,2842.2715542316437,144
16,3748,24,0.9939000010490417,0.025284437462687492,4391.183567523956,118.8620057106018,3031.1899201869965,144
17,3982,26,0.9933000206947327,0.026654861867427826,4663.791028499603,126.04520535469055,3220.674063682556,144
18,4216,27,0.9945999979972839,0.027369793504476547,4936.67049908638,132.55998039245605,3409.6549055576324,144
19,4451,29,0.9922000169754028,0.0360378697514534,5213.322515249252,140.19187235832214,3600.466981649399,144
20,4685,30,0.9943000078201294,0.03798697143793106,5485.941056728363,146.69854378700256,3789.4677925109863,144
