epoch,steps,syncs,accuracy,loss,time,com_time,calc_time,exper_id
1,58,3,0.977400004863739,0.07079271227121353,32.31554102897644,3.4099464416503906,0.11872148513793945,150
2,116,3,0.987500011920929,0.04314494505524635,61.7076849937439,5.717408180236816,0.23732471466064453,150
3,175,3,0.9908000230789185,0.029655011370778084,91.31439757347107,7.990638017654419,0.3588545322418213,150
4,233,4,0.9922000169754028,0.026596909388899803,121.48197317123413,11.02720856666565,0.4799795150756836,150
5,291,4,0.9904000163078308,0.030095737427473068,150.8255319595337,13.318432569503784,0.5914015769958496,150
6,350,4,0.9918000102043152,0.027477871626615524,180.8085596561432,15.674107313156128,0.7032279968261719,150
7,408,5,0.9940000176429749,0.023376187309622765,210.38246297836304,18.478703260421753,0.82379150390625,150
8,466,5,0.9940000176429749,0.02336505614221096,240.38090419769287,20.624058961868286,0.9503560066223145,150
9,525,5,0.9932000041007996,0.020636634901165962,270.15300583839417,23.0393385887146,1.0697128772735596,150
10,583,5,0.9947999715805054,0.01905606873333454,299.55537271499634,25.25254774093628,1.184973955154419,150
11,642,6,0.9936000108718872,0.022839702665805817,330.37782287597656,28.653367280960083,1.2926559448242188,150
12,700,6,0.994700014591217,0.02101312205195427,359.97303891181946,30.935822248458862,1.4049270153045654,150
13,758,6,0.9932000041007996,0.025889679789543152,389.2473421096802,33.18932557106018,1.5147886276245117,150
14,817,6,0.9929999709129333,0.028800558298826218,419.0703959465027,35.49857211112976,1.6275129318237305,150
15,875,6,0.9925000071525574,0.03276177868247032,448.4068524837494,37.70508432388306,1.7433509826660156,150
16,933,7,0.9940999746322632,0.025497492402791977,478.5337038040161,40.625325202941895,1.8526623249053955,150
17,992,7,0.9926999807357788,0.03058428317308426,507.81117272377014,42.953176736831665,1.97564697265625,150
18,1050,7,0.9944000244140625,0.023861171677708626,537.2256770133972,45.169939279556274,2.0902159214019775,150
19,1109,8,0.9919000267982483,0.03284137696027756,567.6719286441803,48.14630460739136,2.201359987258911,150
20,1167,8,0.9943000078201294,0.02631933055818081,596.7728755474091,50.41641163825989,2.3095905780792236,150
