epoch,steps,syncs,accuracy,loss,time,com_time,calc_time,exper_id
1,117,3,0.9837999939918518,0.05146421492099762,141.4067268371582,4.7532525062561035,94.87492346763611,151
2,234,4,0.9919000267982483,0.026793377473950386,280.7471287250519,9.017881631851196,189.43185377120972,151
3,351,4,0.9922000169754028,0.026275191456079483,419.14286184310913,12.460693597793579,284.00219106674194,151
4,468,5,0.9922999739646912,0.02470964379608631,557.4217932224274,15.67575979232788,378.5676488876343,151
5,585,5,0.9940000176429749,0.020249057561159134,695.1964464187622,18.773396253585815,473.04608130455017,151
6,702,6,0.9916999936103821,0.027444317936897278,835.0283358097076,23.09966254234314,567.6369495391846,151
7,820,6,0.9941999912261963,0.020103080198168755,975.1506459712982,26.946879148483276,663.041375875473,151
8,937,7,0.9951000213623047,0.019024210050702095,1113.6134433746338,30.452990770339966,757.628210067749,151
9,1054,7,0.9930999875068665,0.024124639108777046,1251.7818796634674,33.424049854278564,852.0549664497375,151
10,1171,7,0.992900013923645,0.02492811717092991,1389.4842326641083,36.43824887275696,946.6174247264862,151
11,1288,8,0.9933000206947327,0.022434616461396217,1528.4814748764038,39.86143350601196,1041.127336025238,151
12,1405,9,0.9948999881744385,0.020540384575724602,1666.9403314590454,43.38499999046326,1135.6551041603088,151
13,1523,9,0.9951000213623047,0.019297713413834572,1806.0540444850922,46.49253225326538,1230.9847729206085,151
14,1640,9,0.9936000108718872,0.02619011513888836,1943.911910533905,49.23751497268677,1325.5911219120026,151
15,1757,10,0.9950000047683716,0.022165250033140182,2083.5530576705933,53.07436680793762,1421.0769987106323,151
16,1874,11,0.9929999709129333,0.027726931497454643,2222.3434891700745,56.428582191467285,1515.6970925331116,151
17,1991,11,0.994700014591217,0.02373431622982025,2360.594918489456,59.299803733825684,1610.164143562317,151
18,2108,12,0.9929999709129333,0.033230483531951904,2499.006332874298,62.67802429199219,1704.8249683380127,151
19,2226,12,0.993399977684021,0.027943531051278114,2637.920535326004,65.585284948349,1800.130615234375,151
20,2343,13,0.993399977684021,0.028855957090854645,2776.8355004787445,68.95860600471497,1894.6733887195587,151
