epoch,steps,syncs,accuracy,loss,time,com_time,calc_time,exper_id
1,14,2,0.8325999975204468,0.5448818802833557,11.74663233757019,1.0121846199035645,0.04276871681213379,153
2,28,2,0.9531999826431274,0.14890718460083008,20.710922718048096,1.189260482788086,0.07852864265441895,153
3,43,3,0.9765999913215637,0.07079387456178665,30.934272289276123,1.9829800128936768,0.11559152603149414,153
4,57,3,0.9847000241279602,0.04828724265098572,39.7366828918457,2.1080312728881836,0.15186405181884766,153
5,71,3,0.9872000217437744,0.03818211704492569,48.66702914237976,2.265845775604248,0.18640851974487305,153
6,86,3,0.9898999929428101,0.03180531784892082,58.16352939605713,2.4259047508239746,0.2268540859222412,153
7,100,3,0.991599977016449,0.023954037576913834,67.12090611457825,2.574740409851074,0.26069045066833496,153
8,115,3,0.9908999800682068,0.027287842705845833,76.69743490219116,2.7401318550109863,0.29998779296875,153
9,129,3,0.9908999800682068,0.024765247479081154,85.51527118682861,2.870591878890991,0.32851481437683105,153
10,143,3,0.9923999905586243,0.02435341291129589,94.35656642913818,3.0311245918273926,0.3618347644805908,153
11,158,3,0.9919999837875366,0.023635869845747948,103.95290613174438,3.2072575092315674,0.3932461738586426,153
12,172,3,0.992900013923645,0.023542994633316994,112.83000183105469,3.3514561653137207,0.4237959384918213,153
13,187,3,0.9927999973297119,0.02181451953947544,122.34825158119202,3.4846832752227783,0.456989049911499,153
14,201,3,0.9929999709129333,0.021967263892292976,131.229327917099,3.643059492111206,0.4892618656158447,153
15,215,4,0.9926999807357788,0.0223565511405468,140.67756462097168,4.37809681892395,0.5195143222808838,153
16,230,4,0.9927999973297119,0.02267744392156601,150.74391531944275,4.681060314178467,0.55629563331604,153
17,244,4,0.993399977684021,0.01994979940354824,159.59464073181152,4.805246829986572,0.5888125896453857,153
18,259,4,0.9933000206947327,0.021604998037219048,169.10372018814087,4.96668815612793,0.6207404136657715,153
19,273,4,0.992900013923645,0.023043317720294,178.08711862564087,5.137460231781006,0.6587967872619629,153
20,287,4,0.9933000206947327,0.024096235632896423,186.99433994293213,5.286234617233276,0.691828727722168,153
