epoch,steps,syncs,accuracy,loss,time,com_time,calc_time,exper_id
1,58,3,0.9771999716758728,0.07474436610937119,72.98034977912903,2.7311768531799316,46.243425607681274,155
2,116,3,0.9872000217437744,0.03670641779899597,143.53074312210083,4.553987741470337,93.03923797607422,155
3,175,3,0.9904999732971191,0.03075544722378254,214.88532876968384,5.851909637451172,140.60890936851501,155
4,233,4,0.992900013923645,0.025042083114385605,285.5385482311249,7.690027713775635,187.38881707191467,155
5,291,4,0.9929999709129333,0.020974526181817055,355.85328817367554,8.978527784347534,234.25738310813904,155
6,350,4,0.9922000169754028,0.02252420224249363,427.75764775276184,10.528428316116333,281.8362469673157,155
7,408,4,0.9932000041007996,0.02080174908041954,498.5937147140503,12.359291791915894,328.5954773426056,155
8,466,4,0.993399977684021,0.02265404351055622,569.8505420684814,14.148087739944458,375.51091957092285,155
9,525,5,0.9939000010490417,0.02128935419023037,641.6801583766937,16.008041381835938,423.15570425987244,155
10,583,5,0.9937000274658203,0.021728117018938065,712.0991384983063,17.648306846618652,469.959335565567,155
11,642,5,0.9933000206947327,0.021540753543376923,783.608197927475,19.143779516220093,517.6939806938171,155
12,700,5,0.991100013256073,0.028408853337168694,854.1067571640015,20.705698490142822,564.5313081741333,155
13,758,5,0.9936000108718872,0.020313264802098274,924.1549787521362,22.197890520095825,611.3747820854187,155
14,817,6,0.9943000078201294,0.02523093856871128,996.2537388801575,24.166816234588623,659.0072269439697,155
15,875,6,0.9944000244140625,0.022827353328466415,1066.310852766037,25.575255393981934,705.8478801250458,155
16,933,6,0.9945999979972839,0.018836310133337975,1136.4832603931427,27.092423915863037,752.6686520576477,155
17,992,6,0.9944000244140625,0.021575747057795525,1209.0636355876923,29.53193759918213,800.3296432495117,155
18,1050,6,0.9930999875068665,0.028448645025491714,1278.7678227424622,30.95379638671875,847.1645233631134,155
19,1109,7,0.9939000010490417,0.029774175956845284,1350.622323513031,33.04056262969971,894.8025901317596,155
20,1167,7,0.9941999912261963,0.023386502638459206,1422.0403802394867,35.54112792015076,941.6066200733185,155
