epoch,steps,syncs,accuracy,loss,time,com_time,calc_time,exper_id
1,117,3,0.9847000241279602,0.04622547701001167,63.27889585494995,5.75912880897522,1.1723973751068115,156
2,234,4,0.9894000291824341,0.03414750471711159,124.6503005027771,11.686221361160278,2.068033456802368,156
3,351,4,0.9926000237464905,0.02219684049487114,185.43079090118408,17.433725833892822,2.986152172088623,156
4,468,5,0.9923999905586243,0.023755399510264397,245.8011863231659,23.67960023880005,3.932826519012451,156
5,585,5,0.9919000267982483,0.029662178829312325,306.2268226146698,29.463799715042114,4.847292900085449,156
6,702,6,0.9930999875068665,0.025207683444023132,367.1200351715088,35.72050642967224,5.790982007980347,156
7,820,6,0.9936000108718872,0.022623177617788315,427.7726652622223,41.6030113697052,6.718145370483398,156
8,937,7,0.9937999844551086,0.021687384694814682,488.761771440506,47.91020607948303,7.679849147796631,156
9,1054,7,0.9934999942779541,0.02603909932076931,548.6756708621979,53.541831493377686,8.6197829246521,156
10,1171,8,0.9930999875068665,0.024545036256313324,610.2820112705231,59.55854892730713,9.612163782119751,156
11,1288,9,0.992900013923645,0.028666727244853973,671.5242388248444,66.06987404823303,10.499998331069946,156
12,1405,9,0.994700014591217,0.01912766881287098,731.8046281337738,71.81648063659668,11.38549542427063,156
13,1523,10,0.9943000078201294,0.02482004091143608,792.7674496173859,78.15524768829346,12.367101669311523,156
14,1640,10,0.9947999715805054,0.022467149421572685,852.9688193798065,83.58795952796936,13.356754064559937,156
15,1757,11,0.9937999844551086,0.026324298232793808,913.7333254814148,89.76496767997742,14.311689376831055,156
16,1874,12,0.9937000274658203,0.027860207483172417,975.0636401176453,96.19426822662354,15.233062267303467,156
17,1991,12,0.9944000244140625,0.02735065668821335,1035.7364864349365,101.80029344558716,16.138736248016357,156
18,2108,13,0.9919000267982483,0.033009123057127,1096.5491802692413,107.99103283882141,17.07994318008423,156
19,2226,14,0.9955000281333923,0.016060825437307358,1157.9424941539764,114.47413635253906,17.95688486099243,156
20,2343,14,0.9939000010490417,0.024737359955906868,1218.3812639713287,120.09972953796387,18.816145420074463,156
