epoch,steps,syncs,accuracy,loss,time,com_time,calc_time,exper_id
1,234,4,0.9879000186920166,0.03630022704601288,50.015835762023926,1.5869710445404053,0.5504570007324219,157
2,468,5,0.9908000230789185,0.028568372130393982,98.14491748809814,2.7529590129852295,1.1240134239196777,157
3,702,7,0.9904999732971191,0.02870742231607437,146.57216906547546,4.1682233810424805,1.669647216796875,157
4,937,8,0.993399977684021,0.02358473837375641,194.92945408821106,5.44522500038147,2.205366611480713,157
5,1171,9,0.9922000169754028,0.027607787400484085,243.04087018966675,6.7225341796875,2.7599620819091797,157
6,1405,11,0.9933000206947327,0.01953778974711895,291.2354476451874,8.07884669303894,3.305347442626953,157
7,1639,12,0.993399977684021,0.020678851753473282,339.2637050151825,9.337039709091187,3.868663787841797,157
8,1874,13,0.9921000003814697,0.024043021723628044,387.5767741203308,10.514558792114258,4.414602518081665,157
9,2108,15,0.9937000274658203,0.0230190921574831,435.79597663879395,11.8736572265625,4.955154180526733,157
10,2342,16,0.9944000244140625,0.020969534292817116,483.61888813972473,13.107670545578003,5.494208335876465,157
11,2577,18,0.9936000108718872,0.020398510619997978,532.3535828590393,14.42008352279663,6.034801483154297,157
12,2811,20,0.9937000274658203,0.030346790328621864,580.7831611633301,15.724639892578125,6.583751440048218,157
13,3045,21,0.9948999881744385,0.01808907650411129,629.1214060783386,16.921305656433105,7.116057395935059,157
14,3279,23,0.9944000244140625,0.0266704224050045,677.3472280502319,18.205758810043335,7.654686450958252,157
15,3514,24,0.9937999844551086,0.022695444524288177,725.3916394710541,19.408271551132202,8.199713230133057,157
16,3748,26,0.992900013923645,0.03515607863664627,773.5233616828918,20.677801609039307,8.786308526992798,157
17,3982,28,0.993399977684021,0.024979738518595695,821.6209263801575,21.92639970779419,9.390535354614258,157
18,4216,30,0.9919000267982483,0.0355803444981575,869.5907065868378,23.30516219139099,9.931843519210815,157
19,4451,32,0.9936000108718872,0.029076330363750458,918.0381259918213,24.6594135761261,10.503293991088867,157
20,4685,34,0.9936000108718872,0.03266308084130287,965.9553687572479,26.130926847457886,11.057478427886963,157
