epoch,steps,syncs,accuracy,loss,time,com_time,calc_time,exper_id
1,29,2,0.9502999782562256,0.16236530244350433,43.33904528617859,0.7655718326568604,22.99945330619812,158
2,58,3,0.9822999835014343,0.053505104035139084,85.36139678955078,1.5098941326141357,46.42131471633911,158
3,87,3,0.9884999990463257,0.03534022346138954,127.82943630218506,2.639007329940796,69.94373607635498,158
4,116,3,0.9908999800682068,0.030685478821396828,169.60879015922546,3.0943546295166016,93.42745542526245,158
5,146,3,0.9916999936103821,0.02731185220181942,212.7799096107483,3.5336718559265137,117.67378067970276,158
6,175,3,0.9927999973297119,0.0233601164072752,254.44563698768616,3.96004581451416,141.09679436683655,158
7,204,3,0.9926000237464905,0.022927146404981613,297.01091384887695,5.282065391540527,164.52239847183228,158
8,233,4,0.9926000237464905,0.02265973947942257,339.0731496810913,6.051575183868408,187.9621798992157,158
9,263,4,0.9937000274658203,0.02117711305618286,382.4351224899292,6.640398263931274,212.2036955356598,158
10,292,4,0.9939000010490417,0.01938151940703392,424.26339840888977,7.126569986343384,235.64507365226746,158
11,321,4,0.9939000010490417,0.022522130981087685,465.95846152305603,7.540339469909668,259.1098093986511,158
12,350,4,0.9937999844551086,0.020760828629136086,507.6204562187195,7.96245002746582,282.5216417312622,158
13,379,4,0.9934999942779541,0.020543288439512253,549.3334822654724,8.330631017684937,306.0086145401001,158
14,409,4,0.9937000274658203,0.02043169178068638,592.4312994480133,8.676359176635742,330.3410744667053,158
15,438,4,0.9937000274658203,0.022208163514733315,634.1457464694977,9.053669691085815,353.78329706192017,158
16,467,4,0.9934999942779541,0.024153677746653557,675.8292398452759,9.496681690216064,377.23273158073425,158
17,496,4,0.9950000047683716,0.017782030627131462,717.7181746959686,9.952332735061646,400.80307841300964,158
18,526,4,0.9944999814033508,0.021575069054961205,760.7630424499512,10.38293981552124,425.05428528785706,158
19,555,5,0.9941999912261963,0.02430202253162861,803.1605844497681,11.386557579040527,448.52371168136597,158
20,584,5,0.9943000078201294,0.02502911351621151,844.8449018001556,11.77152132987976,471.99868965148926,158
