epoch,steps,syncs,accuracy,loss,time,com_time,calc_time,exper_id
1,29,2,0.9502999782562256,0.16788950562477112,18.527945280075073,1.8576059341430664,0.282926082611084,161
2,58,3,0.9818000197410583,0.05694696679711342,35.21279501914978,3.823774814605713,0.5283889770507812,161
3,87,3,0.9894999861717224,0.03433087095618248,51.05996894836426,5.1802592277526855,0.7703781127929688,161
4,116,3,0.9908999800682068,0.027677875012159348,66.96836400032043,6.519726037979126,1.0079491138458252,161
5,146,3,0.9916999936103821,0.025179678574204445,84.13252973556519,8.002280235290527,1.2383270263671875,161
6,175,3,0.9909999966621399,0.027212878689169884,100.18849778175354,9.406695365905762,1.4710090160369873,161
7,204,4,0.9930999875068665,0.024339085444808006,116.85449528694153,11.375340461730957,1.7215399742126465,161
8,233,4,0.992900013923645,0.02306564897298813,132.98176503181458,12.742389678955078,1.9646081924438477,161
9,263,4,0.9929999709129333,0.02314770221710205,150.13202929496765,14.451348781585693,2.193243980407715,161
10,292,4,0.9943000078201294,0.019010702148079872,166.29229402542114,15.8756742477417,2.41880202293396,161
11,321,4,0.9925000071525574,0.027197567746043205,182.33373165130615,17.302165746688843,2.6458542346954346,161
12,350,4,0.9926000237464905,0.02523571252822876,198.45164465904236,18.74528455734253,2.8442223072052,161
13,379,4,0.9939000010490417,0.01840517297387123,214.6952896118164,20.21642804145813,3.061758279800415,161
14,409,4,0.9940000176429749,0.021570835262537003,231.8873393535614,21.659648418426514,3.2793102264404297,161
15,438,4,0.9939000010490417,0.02203451097011566,248.27820992469788,23.033685445785522,3.4928643703460693,161
16,467,4,0.9945999979972839,0.020998992025852203,264.68955636024475,24.410640716552734,3.7102293968200684,161
17,496,5,0.9936000108718872,0.02481546252965927,281.3307476043701,26.445574045181274,3.9095160961151123,161
18,526,5,0.9934999942779541,0.024484621360898018,298.1526505947113,27.806198835372925,4.149243354797363,161
19,555,5,0.9929999709129333,0.026518981903791428,314.2580916881561,29.20102286338806,4.371406555175781,161
20,584,5,0.9926000237464905,0.027285443618893623,330.2568018436432,30.5356285572052,4.6075780391693115,161
