epoch,steps,syncs,accuracy,loss,time,com_time,calc_time,exper_id
1,58,3,0.9811999797821045,0.06542684137821198,37.57661318778992,0.5266416072845459,0.15108656883239746,163
2,116,3,0.988099992275238,0.035773564130067825,73.35578274726868,0.7273380756378174,0.2931652069091797,163
3,175,3,0.9926000237464905,0.02393355779349804,109.57423543930054,1.0144343376159668,0.4205968379974365,163
4,233,4,0.9909999966621399,0.025983868166804314,145.4615695476532,1.418144702911377,0.5543065071105957,163
5,291,4,0.9912999868392944,0.022817181423306465,181.20144844055176,1.6296124458312988,0.689558744430542,163
6,350,4,0.9922000169754028,0.02506924234330654,217.58125066757202,1.890702724456787,0.8202798366546631,163
7,408,4,0.9926000237464905,0.023061931133270264,253.2527310848236,2.0899953842163086,0.9530150890350342,163
8,466,5,0.9932000041007996,0.022244414314627647,288.97308254241943,2.462015151977539,1.102226972579956,163
9,525,5,0.9937000274658203,0.021924689412117004,325.2460250854492,2.6781203746795654,1.244262456893921,163
10,583,5,0.9937999844551086,0.02461368404328823,360.971125125885,2.89365553855896,1.381007194519043,163
11,642,5,0.9922000169754028,0.03212153911590576,397.2832860946655,3.097890615463257,1.5315852165222168,163
12,700,6,0.9945999979972839,0.020680727437138557,433.01407194137573,3.438514232635498,1.675849199295044,163
13,758,6,0.9937999844551086,0.026680465787649155,468.58774280548096,3.6249217987060547,1.8151469230651855,163
14,817,6,0.9947999715805054,0.02125290036201477,504.8700122833252,3.861894369125366,1.9524166584014893,163
15,875,6,0.9955999851226807,0.020851008594036102,540.4500014781952,4.07688570022583,2.1008834838867188,163
16,933,6,0.9929999709129333,0.02952766790986061,576.1165392398834,4.27162766456604,2.2475926876068115,163
17,992,7,0.9944999814033508,0.027807680889964104,612.5420105457306,4.599844932556152,2.3983805179595947,163
18,1050,7,0.9944999814033508,0.026442311704158783,648.2529892921448,4.779007196426392,2.5502824783325195,163
19,1109,7,0.9945999979972839,0.02644174173474312,684.5410330295563,4.970451593399048,2.6962831020355225,163
20,1167,7,0.9937999844551086,0.022001072764396667,720.0674118995667,5.191633701324463,2.8306705951690674,163
