epoch,steps,syncs,accuracy,loss,time,com_time,calc_time,exper_id
1,117,3,0.984499990940094,0.052074138075113297,155.67562532424927,8.234856843948364,94.04659414291382,165
2,234,4,0.9901999831199646,0.03152948617935181,309.23674035072327,15.262000322341919,188.51429200172424,165
3,351,4,0.9908999800682068,0.026159094646573067,461.8748471736908,21.521309852600098,282.9319109916687,165
4,468,5,0.9916999936103821,0.023724528029561043,616.641056060791,29.908299446105957,377.97570967674255,165
5,585,5,0.992900013923645,0.027148904278874397,768.9819576740265,36.18335318565369,472.4313950538635,165
6,702,6,0.9937999844551086,0.02367497980594635,921.9162576198578,43.052942752838135,567.0391252040863,165
7,820,6,0.9940000176429749,0.02361268550157547,1074.8800196647644,48.918784856796265,662.2528958320618,165
8,937,7,0.9925000071525574,0.02626912295818329,1227.8713219165802,56.00447916984558,756.5578854084015,165
9,1054,8,0.9937000274658203,0.019861042499542236,1381.3537220954895,63.747570753097534,850.9954493045807,165
10,1171,8,0.9943000078201294,0.021588703617453575,1534.0989451408386,70.57661557197571,945.4190077781677,165
11,1288,8,0.9925000071525574,0.028324155136942863,1685.482829093933,76.01334714889526,1039.8650171756744,165
12,1405,9,0.9937000274658203,0.027055542916059494,1838.0664541721344,82.22057104110718,1134.3241522312164,165
13,1523,10,0.993399977684021,0.029123716056346893,1991.510617017746,88.31719756126404,1229.5582633018494,165
14,1640,10,0.9945999979972839,0.02193339914083481,2143.173235654831,93.8024251461029,1324.011858701706,165
15,1757,11,0.9941999912261963,0.026022635400295258,2295.2155261039734,99.74486255645752,1418.4348497390747,165
16,1874,11,0.994700014591217,0.028495697304606438,2447.1138985157013,105.37931966781616,1512.8231976032257,165
17,1991,12,0.9934999942779541,0.02816484309732914,2598.881869316101,111.29381275177002,1607.2189238071442,165
18,2108,12,0.9937999844551086,0.022507527843117714,2751.1837396621704,117.66658568382263,1701.6541728973389,165
19,2226,13,0.9923999905586243,0.03418190777301788,2906.219532251358,125.3843457698822,1796.8671202659607,165
20,2343,14,0.9937000274658203,0.0274523738771677,3059.4043645858765,132.81457924842834,1891.2508401870728,165
