epoch,steps,syncs,accuracy,loss,time,com_time,calc_time,exper_id
1,234,4,0.9878000020980835,0.03909924998879433,54.9476432800293,1.709737777709961,2.964808464050293,166
2,468,5,0.9897000193595886,0.033710774034261703,108.17575550079346,3.8121418952941895,5.468257665634155,166
3,702,7,0.992900013923645,0.02347775176167488,161.24745082855225,5.909010410308838,7.976164817810059,166
4,937,8,0.9915000200271606,0.028552468866109848,214.4045479297638,7.98214316368103,10.400878667831421,166
5,1171,9,0.991599977016449,0.02597728557884693,267.1638994216919,10.044252395629883,12.834337711334229,166
6,1405,10,0.9908000230789185,0.02984430268406868,319.5220756530762,12.418487071990967,15.172148942947388,166
7,1639,11,0.993399977684021,0.022647926583886147,372.6264054775238,14.629662036895752,17.432782888412476,166
8,1874,13,0.9944999814033508,0.020880181342363358,426.0766055583954,17.061904430389404,19.722633838653564,166
9,2108,14,0.9943000078201294,0.022450106218457222,478.91933274269104,19.447096586227417,22.002153873443604,166
10,2342,16,0.9936000108718872,0.02556552365422249,531.7328441143036,21.789634227752686,24.320990562438965,166
11,2577,18,0.9921000003814697,0.031121524050831795,585.0625555515289,24.26513957977295,26.59408736228943,166
12,2811,19,0.9930999875068665,0.024844923987984657,637.8194680213928,26.648931980133057,28.854825019836426,166
13,3045,21,0.9955000281333923,0.02023177407681942,691.0359537601471,29.13536834716797,31.12857460975647,166
14,3279,23,0.9943000078201294,0.023403113707900047,744.2060658931732,31.5608127117157,33.436777114868164,166
15,3514,25,0.9941999912261963,0.02530144713819027,797.8031659126282,33.91948866844177,35.774269104003906,166
16,3748,26,0.9927999973297119,0.031243471428751945,850.7993524074554,36.102454662323,38.07329201698303,166
17,3982,28,0.9927999973297119,0.03034159541130066,903.6069159507751,38.411426067352295,40.31697106361389,166
18,4216,29,0.9940999746322632,0.026736687868833542,956.7466735839844,40.51752972602844,42.65999627113342,166
19,4451,32,0.9926000237464905,0.034349918365478516,1010.1600606441498,43.001237869262695,45.02942204475403,166
20,4685,34,0.993399977684021,0.03174889460206032,1063.122817993164,45.23883271217346,47.32529926300049,166
