epoch,steps,syncs,accuracy,loss,time,com_time,calc_time,exper_id
1,117,3,0.9812999963760376,0.055630676448345184,44.6509792804718,0.8722107410430908,1.4708905220031738,167
2,234,4,0.9882000088691711,0.03620918095111847,87.82821726799011,2.1257026195526123,2.646919012069702,167
3,351,4,0.9927999973297119,0.024616658687591553,130.68851470947266,3.1449596881866455,3.8040037155151367,167
4,468,5,0.9927999973297119,0.02459792234003544,173.76865339279175,4.270874738693237,4.978015899658203,167
5,585,5,0.9919999837875366,0.02569671906530857,216.69115614891052,5.219440221786499,6.198222398757935,167
6,702,6,0.9933000206947327,0.02497820369899273,259.74218797683716,6.408482313156128,7.377680540084839,167
7,820,6,0.9939000010490417,0.02388722635805607,303.09891629219055,7.5113465785980225,8.54111623764038,167
8,937,7,0.9933000206947327,0.022519877180457115,346.2739748954773,8.620058536529541,9.721128702163696,167
9,1054,8,0.992900013923645,0.024028485640883446,389.2925229072571,9.92502236366272,10.800754070281982,167
10,1171,8,0.9940999746322632,0.024601584300398827,432.1679947376251,10.990621089935303,11.92864727973938,167
11,1288,9,0.9937999844551086,0.025583062320947647,475.123238325119,12.311035871505737,13.001136302947998,167
12,1405,9,0.9918000102043152,0.03156491741538048,517.9001948833466,13.33373212814331,14.139962434768677,167
13,1523,10,0.9945999979972839,0.022918488830327988,561.5131628513336,14.639961957931519,15.263135194778442,167
14,1640,10,0.9943000078201294,0.023782463744282722,604.5867376327515,15.79344630241394,16.359017372131348,167
15,1757,11,0.9936000108718872,0.021418452262878418,647.5674564838409,17.13176441192627,17.42253589630127,167
16,1874,12,0.9936000108718872,0.024896979331970215,690.7806301116943,18.4272243976593,18.476882696151733,167
17,1991,13,0.9944000244140625,0.021139459684491158,733.9666740894318,19.71637225151062,19.570961952209473,167
18,2108,13,0.9944999814033508,0.02306698076426983,777.0797824859619,20.83242416381836,20.68117904663086,167
19,2226,14,0.9926000237464905,0.04087565466761589,820.76824426651,22.19572162628174,21.78366231918335,167
20,2343,15,0.9947999715805054,0.02581423707306385,863.8944022655487,23.39167857170105,22.936636924743652,167
