epoch,steps,syncs,accuracy,loss,time,com_time,calc_time,exper_id
1,58,3,0.9772999882698059,0.07060939073562622,78.61324334144592,3.7478151321411133,46.37411904335022,168
2,116,3,0.9869999885559082,0.039416227489709854,154.41201281547546,6.489287614822388,93.20386147499084,168
3,175,3,0.9911999702453613,0.026266567409038544,233.07279467582703,10.038633584976196,140.8550729751587,168
4,233,4,0.9916999936103821,0.028849942609667778,309.5102722644806,13.317420244216919,187.7221395969391,168
5,291,4,0.9926000237464905,0.022684060037136078,384.9884247779846,15.835253715515137,234.60788440704346,168
6,350,4,0.993399977684021,0.022399242967367172,462.1695830821991,18.443727731704712,282.2498574256897,168
7,408,4,0.9925000071525574,0.02606288716197014,538.0345244407654,21.160979509353638,329.04893922805786,168
8,466,5,0.9932000041007996,0.022902365773916245,615.4898686408997,25.41069984436035,375.82777094841003,168
9,525,5,0.9944999814033508,0.01786787062883377,693.0032050609589,28.179279088974,423.4703085422516,168
10,583,5,0.9937999844551086,0.022603953257203102,769.1241700649261,30.701566219329834,470.31236815452576,168
11,642,5,0.9940000176429749,0.02025034837424755,846.3053638935089,33.4640896320343,517.9390029907227,168
12,700,6,0.9940999746322632,0.023175640031695366,923.8637275695801,37.01620054244995,565.1707713603973,168
13,758,6,0.9939000010490417,0.025228485465049744,1000.3105084896088,39.59878325462341,612.0065038204193,168
14,817,6,0.9940000176429749,0.02419031597673893,1079.0511875152588,43.92017865180969,659.6258866786957,168
15,875,6,0.9940000176429749,0.02641422674059868,1154.9391269683838,46.58779287338257,706.4791870117188,168
16,933,6,0.9945999979972839,0.024611450731754303,1233.9838683605194,51.03907775878906,753.9310774803162,168
17,992,7,0.9932000041007996,0.026327338069677353,1311.7238793373108,54.38524556159973,801.5506556034088,168
18,1050,7,0.9945999979972839,0.023246822878718376,1387.3267481327057,57.016220808029175,848.383195400238,168
19,1109,7,0.9943000078201294,0.026496343314647675,1464.9788937568665,59.9159471988678,896.0678496360779,168
20,1167,7,0.9950000047683716,0.02010248601436615,1542.4871039390564,64.21106696128845,942.777899980545,168
