epoch,steps,syncs,accuracy,loss,time,com_time,calc_time,exper_id
1,234,4,0.9869999885559082,0.03955104202032089,88.4695074558258,5.518430948257446,0.49265384674072266,16
2,468,5,0.9908999800682068,0.028390832245349884,173.95048308372498,10.443672895431519,0.9897127151489258,16
3,702,6,0.9922999739646912,0.02558894082903862,258.36204528808594,15.342458248138428,1.4485187530517578,16
4,937,7,0.9929999709129333,0.023558028042316437,343.4628801345825,20.239299535751343,1.9079785346984863,16
5,1171,9,0.9929999709129333,0.024633824825286865,427.99434304237366,25.44953203201294,2.3641343116760254,16
6,1405,10,0.9930999875068665,0.02226344682276249,511.51228857040405,30.16074228286743,2.864589214324951,16
7,1639,11,0.9940999746322632,0.021436523646116257,596.0900132656097,34.87113857269287,3.345325231552124,16
8,1874,13,0.9922000169754028,0.025451134890317917,681.59423995018,40.16491937637329,3.81382417678833,16
9,2108,14,0.9933000206947327,0.023176642134785652,765.8483901023865,45.173611879348755,4.273099899291992,16
10,2342,16,0.9941999912261963,0.023628005757927895,850.1620283126831,50.406585931777954,4.7325944900512695,16
11,2577,17,0.993399977684021,0.025640204548835754,934.0957374572754,55.36590790748596,5.210840940475464,16
12,2811,19,0.993399977684021,0.02202751301229,1019.3850810527802,60.973060607910156,5.6693854331970215,16
13,3045,21,0.9919000267982483,0.03721240162849426,1104.3633778095245,66.39722728729248,6.146005868911743,16
14,3279,23,0.9937000274658203,0.027290869504213333,1188.3423149585724,71.82932114601135,6.611242771148682,16
15,3514,24,0.9927999973297119,0.03248148784041405,1273.2273652553558,76.8746588230133,7.089450120925903,16
16,3748,26,0.9940000176429749,0.026952773332595825,1358.293069601059,82.03963232040405,7.589982986450195,16
17,3982,28,0.994700014591217,0.02576586976647377,1441.9114434719086,87.43360757827759,8.087252855300903,16
18,4216,29,0.9945999979972839,0.0257458183914423,1526.7854430675507,92.60649299621582,8.582824945449829,16
19,4451,31,0.9925000071525574,0.03022291325032711,1612.4451360702515,98.17287015914917,9.061118602752686,16
20,4685,34,0.9950000047683716,0.03072999231517315,1697.7071113586426,103.93226337432861,9.556443452835083,16
