epoch,steps,syncs,accuracy,loss,time,com_time,calc_time,exper_id
1,29,2,0.9526000022888184,0.15223756432533264,40.62677717208862,1.5186388492584229,22.87946581840515,170
2,58,3,0.9850000143051147,0.0469755195081234,80.23616409301758,3.1602816581726074,46.3232147693634,170
3,87,3,0.9886999726295471,0.03198746219277382,119.002934217453,4.275493621826172,69.75153398513794,170
4,116,3,0.9883999824523926,0.03609037026762962,158.4662868976593,6.362090826034546,93.12991786003113,170
5,146,3,0.9908999800682068,0.02706870064139366,198.47661685943604,7.465809106826782,117.32172298431396,170
6,175,3,0.992900013923645,0.022627664729952812,236.9568316936493,8.617690324783325,140.72428369522095,170
7,204,3,0.9926000237464905,0.02247196063399315,276.52364683151245,10.661559581756592,164.14007019996643,170
8,233,4,0.9922999739646912,0.02392520196735859,316.6230499744415,13.069862842559814,187.5596113204956,170
9,263,4,0.9927999973297119,0.023457776755094528,357.1794583797455,14.305469036102295,211.7631413936615,170
10,292,4,0.9932000041007996,0.022393357008695602,396.64509868621826,16.15820598602295,235.19945549964905,170
11,321,4,0.9933000206947327,0.019605563953518867,435.3609721660614,17.314534902572632,258.63276505470276,170
12,350,4,0.9930999875068665,0.020784951746463776,473.98443365097046,18.4496431350708,282.03899693489075,170
13,379,4,0.9945999979972839,0.019750205799937248,512.7732517719269,19.76268696784973,305.4578309059143,170
14,409,4,0.9936000108718872,0.02300124242901802,552.7175595760345,20.95797085762024,329.6533658504486,170
15,438,4,0.9940000176429749,0.01773691549897194,591.4599506855011,22.19122338294983,353.0632154941559,170
16,467,4,0.9929999709129333,0.024632416665554047,630.2688302993774,23.377495050430298,376.4958031177521,170
17,496,5,0.9939000010490417,0.022205116227269173,669.4000725746155,25.140834093093872,399.8841564655304,170
18,526,5,0.9933000206947327,0.025865860283374786,709.5603351593018,26.50669813156128,424.07605957984924,170
19,555,5,0.9930999875068665,0.027157943695783615,748.326455116272,27.833765029907227,447.4289448261261,170
20,584,5,0.9923999905586243,0.028123077005147934,787.7630915641785,29.907062292099,470.841614484787,170
