epoch,steps,syncs,accuracy,loss,time,com_time,calc_time,exper_id
1,14,2,0.8111000061035156,0.573478639125824,22.33298969268799,0.89093017578125,10.97481894493103,171
2,28,2,0.9556000232696533,0.14199936389923096,42.651386737823486,1.1289267539978027,22.320299863815308,171
3,43,3,0.9750999808311462,0.0778857171535492,65.02730679512024,1.9958691596984863,34.475621700286865,171
4,57,3,0.9847000241279602,0.046256981790065765,85.28108358383179,2.272533893585205,45.807910680770874,171
5,71,3,0.9879000186920166,0.036028340458869934,105.5090901851654,2.5481460094451904,57.1678581237793,171
6,86,3,0.9901999831199646,0.030065106227993965,127.28468942642212,2.825955629348755,69.32464694976807,171
7,100,3,0.9911999702453613,0.027966750785708427,147.5768482685089,3.1612091064453125,80.64604783058167,171
8,115,3,0.9927999973297119,0.022723006084561348,169.50263333320618,3.513960123062134,92.76766514778137,171
9,129,3,0.992900013923645,0.021481221541762352,189.85500192642212,3.8405818939208984,104.08084487915039,171
10,143,3,0.9930999875068665,0.022272538393735886,210.29578733444214,4.219546318054199,115.40912508964539,171
11,158,3,0.9923999905586243,0.022693462669849396,232.02377700805664,4.510765790939331,127.57277703285217,171
12,172,3,0.9927999973297119,0.02118985541164875,252.2760980129242,4.799001216888428,138.88449597358704,171
13,187,3,0.9934999942779541,0.01984344981610775,274.210729598999,5.176517486572266,151.04709458351135,171
14,201,4,0.993399977684021,0.020686987787485123,295.10682463645935,6.020136594772339,162.4132685661316,171
15,215,4,0.994700014591217,0.020386364310979843,315.3318567276001,6.300823450088501,173.73730421066284,171
16,230,4,0.9939000010490417,0.018510140478610992,337.1419265270233,6.597753524780273,185.90021681785583,171
17,244,4,0.9934999942779541,0.022882545366883278,357.47564244270325,6.865279674530029,197.21410846710205,171
18,259,4,0.9939000010490417,0.023597219958901405,379.2604854106903,7.230754852294922,209.3119661808014,171
19,273,4,0.9927999973297119,0.022573575377464294,399.51961517333984,7.486573219299316,220.66393566131592,171
20,287,4,0.9943000078201294,0.02191716991364956,419.87383937835693,7.802227258682251,231.96938300132751,171
