epoch,steps,syncs,accuracy,loss,time,com_time,calc_time,exper_id
1,117,3,0.9803000092506409,0.0619034543633461,137.03449821472168,1.3280231952667236,94.15079998970032,174
2,234,4,0.991599977016449,0.02383420802652836,272.8145053386688,2.424877882003784,188.80486488342285,174
3,351,4,0.991599977016449,0.02503442019224167,408.9518389701843,3.482919454574585,283.4614329338074,174
4,468,4,0.9941999912261963,0.018413960933685303,544.9376397132874,4.532391548156738,378.0599527359009,174
5,585,5,0.9911999702453613,0.030194498598575592,680.9487671852112,5.6734442710876465,472.66358947753906,174
6,702,5,0.9941999912261963,0.020648090168833733,817.7306616306305,7.580021381378174,567.1902132034302,174
7,820,6,0.9937999844551086,0.025294795632362366,954.881139755249,8.691386938095093,662.6831970214844,174
8,937,6,0.9927999973297119,0.022976651787757874,1090.899585723877,9.688803672790527,757.3159911632538,174
9,1054,7,0.9945999979972839,0.016558516770601273,1227.7758979797363,11.563181161880493,852.0122766494751,174
10,1171,7,0.9939000010490417,0.022261755540966988,1363.5983958244324,12.534541845321655,946.705815076828,174
11,1288,8,0.9936000108718872,0.02311265654861927,1499.6662113666534,13.77436900138855,1041.2917265892029,174
12,1405,8,0.9939000010490417,0.025048233568668365,1635.3380961418152,14.629961967468262,1135.897349357605,174
13,1523,9,0.9940000176429749,0.020544029772281647,1772.5860328674316,15.722713232040405,1231.3570868968964,174
14,1640,9,0.9927999973297119,0.034505538642406464,1908.5107896327972,16.59655785560608,1325.9378626346588,174
15,1757,10,0.993399977684021,0.029197774827480316,2044.8388395309448,17.777148246765137,1420.6067321300507,174
16,1874,10,0.9948999881744385,0.020480450242757797,2180.925881624222,18.78024196624756,1515.246511220932,174
17,1991,10,0.9926000237464905,0.034563012421131134,2316.925660610199,19.654815196990967,1609.9958317279816,174
18,2108,11,0.992900013923645,0.03373345732688904,2452.834486722946,20.756319761276245,1704.6984975337982,174
19,2226,11,0.9944999814033508,0.021375542506575584,2589.532581806183,21.75468158721924,1800.0756216049194,174
20,2343,12,0.9937999844551086,0.027812322601675987,2725.8572721481323,22.964051723480225,1894.7443165779114,174
