epoch,steps,syncs,accuracy,loss,time,com_time,calc_time,exper_id
1,58,2,0.9733999967575073,0.08495159447193146,83.93422818183899,0.6131508350372314,46.50971174240112,175
2,116,3,0.9861000180244446,0.04280766099691391,166.833505153656,1.1750843524932861,93.46184873580933,175
3,175,3,0.9909999966621399,0.029775571078062057,250.8742744922638,1.7186272144317627,141.17711210250854,175
4,233,3,0.9926000237464905,0.02165212109684944,333.480628490448,2.1623427867889404,188.1500949859619,175
5,291,4,0.9932000041007996,0.02184990607202053,416.3957085609436,2.892958164215088,235.0692868232727,175
6,350,4,0.994700014591217,0.017505934461951256,500.4278964996338,3.366758346557617,282.7476809024811,175
7,408,4,0.9937000274658203,0.020095456391572952,583.0927011966705,3.7690072059631348,329.68856406211853,175
8,466,4,0.9933000206947327,0.022182133048772812,665.7135977745056,4.276369333267212,376.59268617630005,175
9,525,4,0.9932000041007996,0.023505110293626785,749.8127150535583,4.866298198699951,424.32542085647583,175
10,583,5,0.9936000108718872,0.0239922683686018,832.5054788589478,5.4432759284973145,471.27722692489624,175
11,642,5,0.9937999844551086,0.02062167227268219,916.6384019851685,5.84166693687439,519.0468597412109,175
12,700,5,0.992900013923645,0.026581216603517532,999.2869763374329,6.261287689208984,566.006899356842,175
13,758,5,0.9944999814033508,0.021408231928944588,1082.0545456409454,6.770986557006836,612.9639544487,175
14,817,5,0.9939000010490417,0.02822144702076912,1166.1700925827026,7.249648094177246,660.6851918697357,175
15,875,6,0.9932000041007996,0.025320861488580704,1249.055536031723,7.9608776569366455,707.5618236064911,175
16,933,6,0.9937000274658203,0.023144295439124107,1332.095404624939,8.445765733718872,754.6648645401001,175
17,992,6,0.9939000010490417,0.025247223675251007,1416.1613321304321,8.911344051361084,802.391313791275,175
18,1050,6,0.994700014591217,0.025624539703130722,1498.799685716629,9.4802987575531,849.2593150138855,175
19,1109,6,0.9934999942779541,0.030242959037423134,1582.9224872589111,10.073396444320679,896.9871153831482,175
20,1167,6,0.9934999942779541,0.025180500000715256,1665.442847251892,10.532681703567505,943.9146685600281,175
