epoch,steps,syncs,accuracy,loss,time,com_time,calc_time,exper_id
1,468,468,0.9724000096321106,0.0856146514415741,141.58111119270325,77.07994532585144,0.0,176
2,936,936,0.9840999841690063,0.0467764213681221,281.1126539707184,153.6224639415741,0.0,176
3,1405,1405,0.9861999750137329,0.04954717680811882,420.10505771636963,229.8194284439087,0.0,176
4,1873,1873,0.9890999794006348,0.037174418568611145,557.3910167217255,304.4082889556885,0.0,176
5,2342,2342,0.9894999861717224,0.033915210515260696,695.1915690898895,378.80565571784973,0.0,176
6,2810,2810,0.9908999800682068,0.030146325007081032,833.723180770874,453.8425030708313,0.0,176
7,3279,3279,0.989300012588501,0.035316068679094315,972.3894948959351,528.5778586864471,0.0,176
8,3747,3747,0.9884999990463257,0.04809793829917908,1114.2807486057281,605.800888299942,0.0,176
9,4215,4215,0.9889000058174133,0.04027606546878815,1251.4779703617096,679.5204634666443,0.0,176
10,4684,4684,0.9922999739646912,0.02890162356197834,1389.6861188411713,754.8934662342072,0.0,176
11,5152,5152,0.9926000237464905,0.02433438040316105,1529.4895153045654,829.5897088050842,0.0,176
12,5621,5621,0.9918000102043152,0.028125286102294922,1671.1292974948883,908.0017421245575,0.0,176
13,6089,6089,0.9922999739646912,0.02992725744843483,1809.5062282085419,983.756103515625,0.0,176
14,6558,6558,0.9919000267982483,0.0275516789406538,1947.1488118171692,1058.0602922439575,0.0,176
15,7026,7026,0.9904999732971191,0.03819416090846062,2086.6645119190216,1133.7168653011322,0.0,176
16,7494,7494,0.9916999936103821,0.03337326645851135,2226.6184923648834,1209.6083300113678,0.0,176
17,7963,7963,0.9921000003814697,0.0321832150220871,2366.255090713501,1286.1713361740112,0.0,176
18,8431,8431,0.9919000267982483,0.03601212799549103,2504.0270364284515,1360.7746880054474,0.0,176
19,8900,8900,0.9916999936103821,0.03725694119930267,2643.833799123764,1435.9246089458466,0.0,176
20,9368,9368,0.9921000003814697,0.0343061201274395,2783.8900854587555,1511.2694065570831,0.0,176
