epoch,steps,syncs,accuracy,loss,time,com_time,calc_time,exper_id
1,234,234,0.9684000015258789,0.10345112532377243,81.52147150039673,35.132359981536865,0.0,177
2,468,468,0.9865000247955322,0.04705837368965149,161.46301412582397,70.11014795303345,0.0,177
3,702,702,0.9887999892234802,0.03537697717547417,242.02284216880798,105.53010678291321,0.0,177
4,937,937,0.9883999824523926,0.03510265424847603,322.7620167732239,141.10748291015625,0.0,177
5,1171,1171,0.9909999966621399,0.027131609618663788,402.5238661766052,176.1753842830658,0.0,177
6,1405,1405,0.9887999892234802,0.0370493158698082,482.41808676719666,211.33731412887573,0.0,177
7,1639,1639,0.9898999929428101,0.03397193178534508,562.6369471549988,247.0393545627594,0.0,177
8,1874,1874,0.9908999800682068,0.026541849598288536,643.3622016906738,282.5105757713318,0.0,177
9,2108,2108,0.9925000071525574,0.02660112828016281,723.4324641227722,317.5645363330841,0.0,177
10,2342,2342,0.9919999837875366,0.029005611315369606,803.8452088832855,353.3524079322815,0.0,177
11,2577,2577,0.9936000108718872,0.02277265302836895,884.8122124671936,389.16026973724365,0.0,177
12,2811,2811,0.9915000200271606,0.02973017655313015,964.9293088912964,424.52916288375854,0.0,177
13,3045,3045,0.992900013923645,0.02474353462457657,1045.543698310852,460.29510164260864,0.0,177
14,3279,3279,0.991599977016449,0.033539872616529465,1125.5484433174133,495.6642529964447,0.0,177
15,3514,3514,0.9926000237464905,0.026862256228923798,1205.6789462566376,530.9894869327545,0.0,177
16,3748,3748,0.9927999973297119,0.023475639522075653,1285.6880292892456,566.3846695423126,0.0,177
17,3982,3982,0.9922999739646912,0.031820137053728104,1365.155912399292,601.3793971538544,0.0,177
18,4216,4216,0.9916999936103821,0.03690344840288162,1446.8282980918884,638.6155095100403,0.0,177
19,4451,4451,0.9932000041007996,0.023038821294903755,1526.6513195037842,673.637425661087,0.0,177
20,4685,4685,0.9937999844551086,0.02248244918882847,1606.9562273025513,708.9011964797974,0.0,177
