epoch,steps,syncs,accuracy,loss,time,com_time,calc_time,exper_id
1,234,4,0.9901000261306763,0.03021763265132904,50.18020987510681,1.383676290512085,0.5284552574157715,181
2,468,5,0.9919000267982483,0.027348171919584274,98.79917645454407,2.4723386764526367,1.054112195968628,181
3,702,6,0.992900013923645,0.024926908314228058,147.16479444503784,3.5833256244659424,1.585829496383667,181
4,937,8,0.9908999800682068,0.03155391663312912,196.1904740333557,4.868653774261475,2.13379168510437,181
5,1171,9,0.9929999709129333,0.023123737424612045,244.88034439086914,6.006492376327515,2.6729929447174072,181
6,1405,10,0.9932000041007996,0.02585037238895893,293.50014305114746,7.09149169921875,3.209928274154663,181
7,1639,11,0.9926000237464905,0.026794083416461945,342.1087851524353,8.15493631362915,3.7336342334747314,181
8,1874,13,0.9929999709129333,0.025579961016774178,390.73209524154663,9.412917852401733,4.256965160369873,181
9,2108,14,0.9934999942779541,0.028517303988337517,438.9742851257324,10.4683096408844,4.807754993438721,181
10,2342,16,0.9937000274658203,0.026879336684942245,487.2964491844177,11.739995956420898,5.365662336349487,181
11,2577,17,0.9937999844551086,0.023839794099330902,535.6439986228943,12.864107131958008,5.900799512863159,181
12,2811,18,0.991599977016449,0.03354649245738983,583.9128448963165,13.958356857299805,6.446936130523682,181
13,3045,20,0.9940999746322632,0.024383852258324623,632.4782719612122,15.222193002700806,7.001250743865967,181
14,3279,22,0.9934999942779541,0.028996910899877548,680.9232182502747,16.481531620025635,7.542255401611328,181
15,3514,24,0.993399977684021,0.027036206796765327,729.6844003200531,17.754246711730957,8.08915400505066,181
16,3748,26,0.9926999807357788,0.037117790430784225,778.7071144580841,18.952436923980713,8.63375210762024,181
17,3982,28,0.9936000108718872,0.03171135112643242,827.5022594928741,20.16211700439453,9.173919439315796,181
18,4216,29,0.9947999715805054,0.02849099412560463,876.1346318721771,21.297322988510132,9.689684867858887,181
19,4451,32,0.991100013256073,0.037144239991903305,924.7541091442108,22.616755962371826,10.205430746078491,181
20,4685,33,0.9955000281333923,0.02388613112270832,973.2049548625946,23.646774768829346,10.7243971824646,181
