epoch,steps,syncs,accuracy,loss,time,com_time,calc_time,exper_id
1,58,3,0.9803000092506409,0.062233392149209976,37.68119287490845,0.5005667209625244,0.14117121696472168,183
2,116,3,0.9882000088691711,0.03646974265575409,73.36228966712952,0.7196834087371826,0.2768380641937256,183
3,175,3,0.9902999997138977,0.028014792129397392,109.66293168067932,0.9306492805480957,0.4228250980377197,183
4,233,4,0.9923999905586243,0.02495933137834072,145.5116708278656,1.2650988101959229,0.5711936950683594,183
5,291,4,0.993399977684021,0.01821359619498253,181.28036284446716,1.443448781967163,0.7286796569824219,183
6,350,4,0.9933000206947327,0.018801439553499222,217.72545528411865,1.654400110244751,0.8834271430969238,183
7,408,4,0.9930999875068665,0.019376102834939957,253.44402241706848,1.8589909076690674,1.0206716060638428,183
8,466,5,0.9940000176429749,0.01769285649061203,289.24371814727783,2.1919333934783936,1.1685073375701904,183
9,525,5,0.993399977684021,0.019104497507214546,325.4785602092743,2.3986196517944336,1.3078999519348145,183
10,583,5,0.994700014591217,0.01863793283700943,361.15413761138916,2.615610122680664,1.4451370239257812,183
11,642,5,0.9940000176429749,0.020778745412826538,397.5725383758545,2.8387551307678223,1.5817954540252686,183
12,700,6,0.9918000102043152,0.029566094279289246,433.38370275497437,3.1879937648773193,1.7371141910552979,183
13,758,6,0.9936000108718872,0.020473679527640343,469.150639295578,3.400197982788086,1.879607915878296,183
14,817,6,0.9939000010490417,0.020945630967617035,505.3664264678955,3.5891709327697754,2.019865036010742,183
15,875,6,0.9945999979972839,0.022641323506832123,541.1024172306061,3.794856548309326,2.1650755405426025,183
16,933,6,0.9939000010490417,0.023789098486304283,576.7953517436981,4.0214033126831055,2.2974250316619873,183
17,992,7,0.9939000010490417,0.023320168256759644,613.3314726352692,4.385674476623535,2.450127601623535,183
18,1050,7,0.9939000010490417,0.023683954030275345,649.1196024417877,4.558768033981323,2.601916790008545,183
19,1109,7,0.9939000010490417,0.02554699033498764,685.4583809375763,4.7404022216796875,2.747699022293091,183
20,1167,7,0.9936000108718872,0.02355719916522503,721.166985988617,4.9633424282073975,2.8825700283050537,183
