epoch,steps,syncs,accuracy,loss,time,com_time,calc_time,exper_id
1,468,5,0.9872999787330627,0.03802570328116417,85.27626657485962,6.996730089187622,5.842607736587524,184
2,936,8,0.9904000163078308,0.029628314077854156,170.73048210144043,16.20781421661377,10.779435396194458,184
3,1405,11,0.9914000034332275,0.02619669772684574,258.55510330200195,26.44199275970459,15.493208169937134,184
4,1873,13,0.9860000014305115,0.05863408371806145,343.2950236797333,35.20618963241577,20.287626028060913,184
5,2342,16,0.9916999936103821,0.028017934411764145,429.41643357276917,45.04027962684631,24.960740566253662,184
6,2810,19,0.9904000163078308,0.043615084141492844,515.7110166549683,53.908339500427246,29.767773866653442,184
7,3279,23,0.9937999844551086,0.022978533059358597,601.353488445282,62.52284622192383,34.70609521865845,184
8,3747,26,0.992900013923645,0.025144875049591064,684.5492091178894,71.09281921386719,39.607105016708374,184
9,4215,29,0.9926999807357788,0.02878960594534874,769.89093542099,81.61315441131592,44.360974073410034,184
10,4684,32,0.9934999942779541,0.022905221208930016,856.7389657497406,92.11373591423035,49.00005578994751,184
11,5152,36,0.9934999942779541,0.03316956385970116,942.6863522529602,101.9390640258789,53.50336241722107,184
12,5621,39,0.9934999942779541,0.027733542025089264,1027.43661570549,110.72008228302002,58.26015758514404,184
13,6089,43,0.993399977684021,0.029218371957540512,1111.9847950935364,119.74267554283142,63.02411437034607,184
14,6558,46,0.9921000003814697,0.03691604733467102,1197.7140805721283,129.24498748779297,67.77262377738953,184
15,7026,50,0.9925000071525574,0.034690745174884796,1283.4363131523132,138.16345763206482,72.52035903930664,184
16,7494,54,0.9939000010490417,0.036419935524463654,1369.757402420044,148.2140929698944,77.08655214309692,184
17,7963,58,0.9915000200271606,0.05350969731807709,1456.6907651424408,158.54578065872192,81.70130968093872,184
18,8431,62,0.9933000206947327,0.04038078710436821,1540.752981185913,167.26192426681519,86.5646276473999,184
19,8900,66,0.993399977684021,0.029670879244804382,1626.28520321846,176.52556204795837,91.36586213111877,184
20,9368,70,0.9951000213623047,0.02756499871611595,1710.9703500270844,185.62367153167725,96.2046639919281,184
