epoch,steps,syncs,accuracy,loss,time,com_time,calc_time,exper_id
1,58,3,0.9779000282287598,0.07069916278123856,38.93580746650696,0.6387417316436768,0.7406630516052246,187
2,116,3,0.987500011920929,0.041963014751672745,75.87615633010864,1.152453899383545,1.3533802032470703,187
3,175,3,0.9904999732971191,0.029744556173682213,113.26852822303772,1.6135318279266357,1.996044635772705,187
4,233,4,0.9922999739646912,0.023235473781824112,150.38497471809387,2.268657684326172,2.587101459503174,187
5,291,4,0.9926000237464905,0.021999359130859375,187.31651878356934,2.6884706020355225,3.225532054901123,187
6,350,4,0.9940999746322632,0.017656538635492325,224.83621835708618,3.1870346069335938,3.8434274196624756,187
7,408,4,0.9939000010490417,0.019673457369208336,261.6893401145935,3.710838556289673,4.400292634963989,187
8,466,5,0.9930999875068665,0.0193344596773386,298.5357427597046,4.35835862159729,5.010795593261719,187
9,525,5,0.9919999837875366,0.02410217933356762,336.00105381011963,4.838499307632446,5.633397102355957,187
10,583,5,0.9943000078201294,0.01919008232653141,372.7631735801697,5.374054670333862,6.241739273071289,187
11,642,5,0.994700014591217,0.018649108707904816,410.2681612968445,5.849299192428589,6.8659632205963135,187
12,700,6,0.9934999942779541,0.021111711859703064,447.31215500831604,6.532188892364502,7.432726860046387,187
13,758,6,0.9940999746322632,0.022695250809192657,484.14012455940247,6.954944849014282,8.04395842552185,187
14,817,6,0.9918000102043152,0.02653031051158905,521.5550546646118,7.455556154251099,8.63049578666687,187
15,875,6,0.9957000017166138,0.020853884518146515,558.4996340274811,7.981117010116577,9.162392616271973,187
16,933,6,0.9943000078201294,0.022544655948877335,595.3326523303986,8.479652166366577,9.712312459945679,187
17,992,7,0.9947999715805054,0.019276538863778114,633.0075676441193,9.126381635665894,10.299215078353882,187
18,1050,7,0.9944000244140625,0.022830717265605927,670.0369532108307,9.694711446762085,10.868059158325195,187
19,1109,7,0.9936000108718872,0.023101335391402245,707.4013063907623,10.305672407150269,11.387816190719604,187
20,1167,7,0.9933000206947327,0.02744016796350479,744.2646162509918,10.89738392829895,11.948925495147705,187
