epoch,steps,syncs,accuracy,loss,time,com_time,calc_time,exper_id
1,117,3,0.9860000014305115,0.04438094422221184,47.26273846626282,3.072315216064453,0.25001978874206543,18
2,234,4,0.9901000261306763,0.030270980671048164,91.81049108505249,5.791582107543945,0.48447608947753906,18
3,351,4,0.9914000034332275,0.027196206152439117,135.97613286972046,8.049757480621338,0.7254681587219238,18
4,468,5,0.9925000071525574,0.02535519376397133,180.21954894065857,10.676425695419312,0.9785737991333008,18
5,585,5,0.9930999875068665,0.022612981498241425,223.44618797302246,13.024957418441772,1.2215156555175781,18
6,702,6,0.9937000274658203,0.01876872032880783,267.45180106163025,15.65259575843811,1.4714157581329346,18
7,820,6,0.9918000102043152,0.02579887956380844,311.84440207481384,17.94838809967041,1.720473289489746,18
8,937,7,0.9923999905586243,0.02802840620279312,355.65921664237976,20.664242029190063,1.9684569835662842,18
9,1054,8,0.9944000244140625,0.024034155532717705,399.9062645435333,23.30353832244873,2.2114150524139404,18
10,1171,8,0.9925000071525574,0.026596399024128914,443.5047948360443,25.5185489654541,2.4563817977905273,18
11,1288,9,0.9950000047683716,0.021106546744704247,487.54316902160645,28.25709629058838,2.6986615657806396,18
12,1405,9,0.9943000078201294,0.018439598381519318,531.0704221725464,30.507478952407837,2.950902223587036,18
13,1523,10,0.9940999746322632,0.02423211745917797,575.2108731269836,33.160051107406616,3.195176124572754,18
14,1640,11,0.9926999807357788,0.03159940987825394,619.250141620636,35.82777953147888,3.4385786056518555,18
15,1757,11,0.9945999979972839,0.020036982372403145,663.1394803524017,38.28325796127319,3.6719350814819336,18
16,1874,12,0.9940000176429749,0.030283501371741295,706.995771408081,40.96306562423706,3.9053962230682373,18
17,1991,13,0.9933000206947327,0.024121051654219627,751.7296099662781,43.632551193237305,4.1453752517700195,18
18,2108,13,0.9944000244140625,0.0267409048974514,795.6285493373871,45.86842918395996,4.387442111968994,18
19,2226,14,0.9911999702453613,0.031061043962836266,840.184207201004,48.532151222229004,4.63800835609436,18
20,2343,14,0.9955999851226807,0.02041734755039215,883.7916285991669,51.07872748374939,4.878787994384766,18
