epoch,steps,syncs,accuracy,loss,time,com_time,calc_time,exper_id
1,58,2,0.9818999767303467,0.056941691786050797,84.13430452346802,0.7366232872009277,46.40006709098816,191
2,116,3,0.9879999756813049,0.040035173296928406,167.23214769363403,1.5345032215118408,93.4241874217987,191
3,175,3,0.9907000064849854,0.02857225015759468,251.2911868095398,2.059999704360962,141.143230676651,191
4,233,3,0.9916999936103821,0.026955295354127884,333.8688998222351,2.549034357070923,188.09133982658386,191
5,291,4,0.9926999807357788,0.02436087466776371,416.64896941185,3.174220085144043,235.0264093875885,191
6,350,4,0.993399977684021,0.018710149452090263,501.0658013820648,3.789574384689331,282.8958520889282,191
7,408,4,0.9933000206947327,0.019893236458301544,583.673059463501,4.1435582637786865,329.8923544883728,191
8,466,4,0.9937000274658203,0.02098218724131584,666.3281247615814,4.603943347930908,376.89268159866333,191
9,525,4,0.994700014591217,0.019623052328824997,750.4008765220642,5.178977727890015,424.64556789398193,191
10,583,5,0.995199978351593,0.018261216580867767,833.1118230819702,5.723003149032593,471.6194837093353,191
11,642,5,0.9944999814033508,0.02058134227991104,917.2544176578522,6.242801666259766,519.3518562316895,191
12,700,5,0.992900013923645,0.024856071919202805,1000.1198039054871,6.653976917266846,566.350968837738,191
13,758,5,0.9937000274658203,0.021462347358465195,1082.895610332489,7.0177531242370605,613.3833284378052,191
14,817,5,0.9944999814033508,0.019493812695145607,1166.9361684322357,7.537776231765747,661.0617039203644,191
15,875,5,0.9939000010490417,0.02346106432378292,1249.5794911384583,8.051735639572144,707.9775269031525,191
16,933,6,0.9944999814033508,0.02541649341583252,1332.4977505207062,8.824276447296143,754.931786775589,191
17,992,6,0.9934999942779541,0.02619200199842453,1416.3561294078827,9.251380920410156,802.7086110115051,191
18,1050,6,0.994700014591217,0.01967981457710266,1498.9119215011597,9.77905011177063,849.5834460258484,191
19,1109,6,0.9940000176429749,0.02521953359246254,1583.0006458759308,10.401390075683594,897.2298789024353,191
20,1167,6,0.9901999831199646,0.05229702219367027,1665.6729815006256,10.955373764038086,944.1153688430786,191
