epoch,steps,syncs,accuracy,loss,time,com_time,calc_time,exper_id
1,29,2,0.9524000287055969,0.15068139135837555,43.53602361679077,4.9955244064331055,23.075340270996094,19
2,58,3,0.98089998960495,0.059923481196165085,84.65523672103882,9.23228120803833,46.54823279380798,19
3,87,3,0.9876999855041504,0.039916932582855225,125.16008734703064,12.688948154449463,70.02550101280212,19
4,116,3,0.9900000095367432,0.03383610397577286,165.54203391075134,16.06024479866028,93.46329998970032,19
5,146,3,0.9915000200271606,0.027516577392816544,208.28233933448792,20.66280174255371,117.71911907196045,19
6,175,3,0.9927999973297119,0.02500460296869278,248.29753184318542,23.734184503555298,141.39481782913208,19
7,204,4,0.9916999936103821,0.02772100269794464,288.5948314666748,27.3465518951416,164.90500593185425,19
8,233,4,0.9927999973297119,0.022935600951313972,329.49581360816956,31.707056760787964,188.34850406646729,19
9,263,4,0.9932000041007996,0.022141842171549797,371.09831142425537,35.20621585845947,212.59425115585327,19
10,292,4,0.9926000237464905,0.024675214663147926,411.0301115512848,38.551491260528564,236.07544898986816,19
11,321,4,0.9940999746322632,0.02021283656358719,450.8973579406738,41.43128442764282,259.5321750640869,19
12,350,4,0.9930999875068665,0.02370983548462391,491.2177834510803,45.32147026062012,282.9943325519562,19
13,379,4,0.9939000010490417,0.0221939068287611,532.1861484050751,49.50237512588501,306.4075770378113,19
14,409,4,0.9939000010490417,0.02292918600142002,573.511116027832,52.85466933250427,330.7079963684082,19
15,438,5,0.9922999739646912,0.02706926502287388,616.0899894237518,58.05671143531799,354.1658933162689,19
16,467,5,0.9927999973297119,0.026537157595157623,656.1215229034424,61.18574929237366,377.60797905921936,19
17,496,5,0.9929999709129333,0.02513543888926506,696.6243741512299,64.57731127738953,401.0610616207123,19
18,526,5,0.9943000078201294,0.023305753245949745,738.2675266265869,68.06712222099304,425.3079216480255,19
19,555,5,0.9944000244140625,0.022982394322752953,778.7767362594604,71.3185293674469,448.80588126182556,19
20,584,5,0.9930999875068665,0.025310439988970757,818.8231327533722,74.88135075569153,472.2373113632202,19
