epoch,steps,syncs,accuracy,loss,time,com_time,calc_time,exper_id
1,117,3,0.9818999767303467,0.054327141493558884,77.75274324417114,1.633148431777954,1.8364953994750977,1
2,234,4,0.9905999898910522,0.029119253158569336,141.4950520992279,3.133535146713257,3.677272319793701,1
3,351,4,0.9919000267982483,0.025477176532149315,205.43761086463928,4.4756693840026855,5.483151197433472,1
4,468,5,0.9932000041007996,0.019976399838924408,270.591144323349,5.90448784828186,7.266029119491577,1
5,585,6,0.9904999732971191,0.030319351702928543,335.23013639450073,7.391803741455078,9.04853105545044,1
6,702,6,0.9926000237464905,0.02548702247440815,399.1734046936035,8.77311110496521,10.84614086151123,1
7,820,7,0.9940000176429749,0.02215682901442051,465.02476501464844,10.197968006134033,12.68968939781189,1
8,937,7,0.9944000244140625,0.019214628264307976,530.1988980770111,11.704368114471436,14.49046802520752,1
9,1054,8,0.9939000010490417,0.02170194685459137,595.6663100719452,13.211153984069824,16.2818500995636,1
10,1171,8,0.9940000176429749,0.019984427839517593,660.6876220703125,14.66300654411316,18.00191569328308,1
