epoch,steps,syncs,accuracy,loss,time,com_time,calc_time,exper_id
1,58,3,0.9765999913215637,0.0690784826874733,26.340474843978882,1.5604310035705566,0.10831928253173828,20
2,116,3,0.9889000058174133,0.03604259714484215,50.37331795692444,2.7648847103118896,0.22663331031799316,20
3,175,3,0.991100013256073,0.026341574266552925,74.6984555721283,4.024292469024658,0.35402870178222656,20
4,233,4,0.9919000267982483,0.024807550013065338,99.02257585525513,5.615322589874268,0.4681525230407715,20
5,291,4,0.9934999942779541,0.01773340255022049,122.47111344337463,6.8539369106292725,0.588735818862915,20
6,350,4,0.991599977016449,0.02634584717452526,146.20565819740295,8.130755186080933,0.7168533802032471,20
7,408,5,0.9941999912261963,0.021617071703076363,170.07901573181152,9.733487844467163,0.847487211227417,20
8,466,5,0.9937999844551086,0.019519219174981117,193.78318285942078,11.117359399795532,0.9569401741027832,20
9,525,5,0.993399977684021,0.02234979160130024,218.04984617233276,12.321977138519287,1.0762243270874023,20
10,583,5,0.9927999973297119,0.025890886783599854,242.20627331733704,13.455931186676025,1.1934566497802734,20
11,642,5,0.9940000176429749,0.020533235743641853,266.3913698196411,14.739699840545654,1.3078274726867676,20
12,700,6,0.9940000176429749,0.023231474682688713,290.4787862300873,16.315962076187134,1.446197509765625,20
13,758,6,0.9944000244140625,0.023701734840869904,313.9142770767212,17.57723879814148,1.5750548839569092,20
14,817,6,0.9941999912261963,0.017692333087325096,338.07426619529724,18.83588171005249,1.6998291015625,20
15,875,6,0.9939000010490417,0.022634979337453842,362.1516842842102,20.07613492012024,1.8224048614501953,20
16,933,7,0.9939000010490417,0.02077733725309372,386.3930153846741,21.727676153182983,1.9315807819366455,20
17,992,7,0.9940000176429749,0.02386605367064476,411.0253598690033,22.97682499885559,2.0422961711883545,20
18,1050,7,0.9939000010490417,0.024636534973978996,435.19184494018555,24.189944982528687,2.1729798316955566,20
19,1109,7,0.9944000244140625,0.021480020135641098,459.4902036190033,25.413947105407715,2.301570415496826,20
20,1167,8,0.9936000108718872,0.03216393291950226,483.78681683540344,27.084283113479614,2.4170589447021484,20
