epoch,steps,syncs,accuracy,loss,time,com_time,calc_time,exper_id
1,14,2,0.8476999998092651,0.48687776923179626,21.812612295150757,2.1209545135498047,10.854537010192871,21
2,28,2,0.9591000080108643,0.13233284652233124,41.70732069015503,3.7804057598114014,22.16421413421631,21
3,43,2,0.9794999957084656,0.06376814097166061,64.12350106239319,6.478421211242676,34.36410570144653,21
4,57,3,0.9850000143051147,0.042857009917497635,85.59145760536194,9.653783321380615,45.676170349121094,21
5,71,3,0.9879000186920166,0.03678692877292633,105.36553645133972,11.040395498275757,57.00821542739868,21
6,86,3,0.9919000267982483,0.02554623782634735,127.43761277198792,13.410226583480835,69.1346845626831,21
7,100,3,0.9916999936103821,0.026385074481368065,147.27091360092163,14.924241065979004,80.43380308151245,21
8,115,3,0.9909999966621399,0.027130696922540665,168.1347188949585,16.58251452445984,92.5461585521698,21
9,129,3,0.9916999936103821,0.025751151144504547,187.6334788799286,18.055128812789917,103.86633610725403,21
10,143,3,0.9919999837875366,0.02348306216299534,208.04791378974915,20.111570835113525,115.2103340625763,21
11,158,3,0.9925000071525574,0.023839758709073067,229.08800053596497,21.58682131767273,127.31776165962219,21
12,172,3,0.9925000071525574,0.02204790711402893,248.75546836853027,23.19478487968445,138.61136651039124,21
13,187,3,0.9926999807357788,0.025173723697662354,269.85399746894836,24.741199016571045,150.7482726573944,21
14,201,3,0.9930999875068665,0.022640224546194077,290.2682943344116,26.983097791671753,162.08124470710754,21
15,215,4,0.9934999942779541,0.02210409566760063,310.4651803970337,29.139851808547974,173.38577342033386,21
16,230,4,0.992900013923645,0.02204040437936783,331.35815954208374,30.698351860046387,185.56087946891785,21
17,244,4,0.9927999973297119,0.022646522149443626,351.03361892700195,31.878016710281372,196.90602827072144,21
18,259,4,0.9943000078201294,0.022235389798879623,372.9604332447052,34.10682463645935,209.0453519821167,21
19,273,4,0.9937000274658203,0.020115762948989868,392.33538722991943,35.559603452682495,220.34579038619995,21
20,287,4,0.9933000206947327,0.02074268087744713,413.54589676856995,38.870909690856934,231.67790269851685,21
