epoch,steps,syncs,accuracy,loss,time,com_time,calc_time,exper_id
1,29,2,0.9459999799728394,0.16660763323307037,20.268959999084473,0.6195919513702393,0.07076096534729004,23
2,58,3,0.9807000160217285,0.058211494237184525,38.71171426773071,1.2228477001190186,0.14219999313354492,23
3,87,3,0.9894000291824341,0.03641816973686218,56.62453484535217,1.401127576828003,0.2113025188446045,23
4,116,3,0.9904000163078308,0.030249761417508125,74.61311054229736,1.6226179599761963,0.2834007740020752,23
5,146,3,0.9919999837875366,0.02596757747232914,93.2581136226654,1.8267018795013428,0.3622865676879883,23
6,175,3,0.993399977684021,0.022447049617767334,111.29738903045654,2.047494888305664,0.4367225170135498,23
7,204,4,0.9918000102043152,0.029001830145716667,129.86181569099426,2.6160178184509277,0.5038716793060303,23
8,233,4,0.9939000010490417,0.01800144650042057,147.8737769126892,2.8375449180603027,0.575080394744873,23
9,263,4,0.9925000071525574,0.022782010957598686,166.57243943214417,3.067800283432007,0.6433002948760986,23
10,292,4,0.9944000244140625,0.02005905471742153,184.5667679309845,3.2892675399780273,0.713101863861084,23
11,321,4,0.9937000274658203,0.01935913972556591,202.6740083694458,3.489414691925049,0.7843825817108154,23
12,350,4,0.9936000108718872,0.022774040699005127,220.76058340072632,3.684119939804077,0.8494925498962402,23
13,379,4,0.9929999709129333,0.02317575365304947,238.8351948261261,3.916231393814087,0.9149966239929199,23
14,409,4,0.993399977684021,0.023375805467367172,257.5452206134796,4.120474338531494,0.9866821765899658,23
15,438,4,0.9941999912261963,0.019747959449887276,275.5531165599823,4.32524037361145,1.0533339977264404,23
16,467,5,0.9940000176429749,0.02421535924077034,294.0054533481598,4.9209067821502686,1.1165051460266113,23
17,496,5,0.9940000176429749,0.01944342628121376,311.9913408756256,5.165931463241577,1.1813573837280273,23
18,526,5,0.9940999746322632,0.020994067192077637,330.65771198272705,5.370092153549194,1.2512843608856201,23
19,555,5,0.9940000176429749,0.021797465160489082,348.66543197631836,5.580103635787964,1.319732666015625,23
20,584,5,0.9944000244140625,0.02048059180378914,366.6823470592499,5.799591064453125,1.38722825050354,23
