epoch,steps,syncs,accuracy,loss,time,com_time,calc_time,exper_id
1,58,58,0.20309999585151672,2.0901477336883545,82.80232000350952,52.639089584350586,0.0,24
2,116,116,0.7208999991416931,0.752007782459259,163.98030972480774,106.48430728912354,0.0,24
3,175,175,0.9340000152587891,0.2089584767818451,245.48413467407227,160.45795226097107,0.0,24
4,233,233,0.9660000205039978,0.11542771011590958,327.04291701316833,214.49470281600952,0.0,24
5,291,291,0.9754999876022339,0.08242613822221756,406.66661071777344,267.19594383239746,0.0,24
6,350,350,0.9817000031471252,0.0635467916727066,487.9834485054016,320.7715620994568,0.0,24
7,408,408,0.9769999980926514,0.07679054141044617,567.9199523925781,373.8018431663513,0.0,24
8,466,466,0.9868999719619751,0.0400104746222496,647.3563528060913,426.5664713382721,0.0,24
9,525,525,0.9855999946594238,0.04456474632024765,729.4318356513977,480.94321846961975,0.0,24
10,583,583,0.9882000088691711,0.040714509785175323,809.9945888519287,534.8692452907562,0.0,24
11,642,642,0.9907000064849854,0.03223690018057823,891.4409070014954,588.2975919246674,0.0,24
12,700,700,0.9911999702453613,0.028734002262353897,971.7687408924103,641.5505816936493,0.0,24
13,758,758,0.9915000200271606,0.029244830831885338,1053.0126750469208,696.0343718528748,0.0,24
14,817,817,0.9919000267982483,0.027657028287649155,1134.1460494995117,749.0006294250488,0.0,24
15,875,875,0.9919000267982483,0.028052637353539467,1214.2369520664215,802.0525584220886,0.0,24
16,933,933,0.991100013256073,0.03211724013090134,1295.3058121204376,856.0588381290436,0.0,24
17,992,992,0.9932000041007996,0.02539743296802044,1376.6849629878998,909.2923002243042,0.0,24
18,1050,1050,0.9925000071525574,0.026859497651457787,1458.114930152893,963.7382493019104,0.0,24
19,1109,1109,0.9921000003814697,0.028580011799931526,1539.615743637085,1017.3960711956024,0.0,24
20,1167,1167,0.9923999905586243,0.025722913444042206,1621.5945687294006,1071.6207501888275,0.0,24
