epoch,steps,syncs,accuracy,loss,time,com_time,calc_time,exper_id
1,117,3,0.9853000044822693,0.04386056959629059,49.186275005340576,2.5316100120544434,1.0929548740386963,27
2,234,4,0.9905999898910522,0.03161187469959259,95.41337895393372,4.99171781539917,2.038770914077759,27
3,351,4,0.9919000267982483,0.026247134432196617,142.00464987754822,7.36238169670105,3.0467476844787598,27
4,468,5,0.9936000108718872,0.02100847102701664,189.3717005252838,10.474175214767456,4.084508895874023,27
5,585,5,0.9943000078201294,0.017290808260440826,235.52988529205322,13.317628145217896,5.149454355239868,27
6,702,6,0.9937999844551086,0.022398319095373154,282.88690876960754,16.70415735244751,6.229077100753784,27
7,820,6,0.9933000206947327,0.02151239849627018,329.8667254447937,19.536300897598267,7.332014322280884,27
8,937,7,0.9941999912261963,0.020394684746861458,376.52453875541687,22.777127265930176,8.437385320663452,27
9,1054,8,0.9943000078201294,0.019073516130447388,423.4533407688141,26.240577220916748,9.452774286270142,27
10,1171,8,0.9933000206947327,0.027503207325935364,470.08636713027954,29.17936420440674,10.431741952896118,27
11,1288,9,0.9944000244140625,0.02400857023894787,516.9278893470764,32.775588035583496,11.334041833877563,27
12,1405,9,0.9940999746322632,0.019320299848914146,563.8500335216522,35.89405369758606,12.28058910369873,27
13,1523,10,0.9954000115394592,0.02040848322212696,611.7855687141418,39.34441828727722,13.251117706298828,27
14,1640,10,0.994700014591217,0.019836511462926865,658.8562076091766,42.70137310028076,14.139652967453003,27
15,1757,11,0.9950000047683716,0.02084994688630104,705.6968924999237,46.20506191253662,15.066100835800171,27
16,1874,12,0.9944000244140625,0.022946691140532494,752.3160018920898,49.700546741485596,16.0339035987854,27
17,1991,12,0.9937000274658203,0.027065426111221313,799.7015314102173,52.857481479644775,17.005048513412476,27
18,2108,13,0.9941999912261963,0.022860143333673477,847.5423386096954,56.37970447540283,17.947498083114624,27
19,2226,14,0.9947999715805054,0.02239985205233097,895.1868886947632,59.740594148635864,18.935661554336548,27
20,2343,14,0.9934999942779541,0.031000463292002678,942.4266059398651,63.02464747428894,19.953709840774536,27
