epoch,steps,syncs,accuracy,loss,time,com_time,calc_time,exper_id
1,14,14,0.11349999904632568,2.3010640144348145,21.761086463928223,12.543098211288452,0.0,28
2,28,28,0.11349999904632568,2.300306558609009,41.911256074905396,25.535121202468872,0.0,28
3,43,43,0.13590000569820404,2.182013988494873,63.2751567363739,39.420642375946045,0.0,28
4,57,57,0.29019999504089355,1.9242788553237915,83.0675208568573,52.31174826622009,0.0,28
5,71,71,0.4560999870300293,1.4746150970458984,103.45749235153198,65.52355694770813,0.0,28
6,86,86,0.6085000038146973,1.079093337059021,124.51812696456909,79.0642032623291,0.0,28
7,100,100,0.7203999757766724,0.7846218943595886,144.4378044605255,92.035653591156,0.0,28
8,115,115,0.8125,0.5464637279510498,165.42498111724854,105.24384188652039,0.0,28
9,129,129,0.8996000289916992,0.3312947154045105,185.35756182670593,117.94749665260315,0.0,28
10,143,143,0.9293000102043152,0.2281310260295868,205.21551895141602,130.50652599334717,0.0,28
11,158,158,0.9430999755859375,0.18677149713039398,226.61000990867615,144.41191458702087,0.0,28
12,172,172,0.9611999988555908,0.12388331443071365,246.02424502372742,156.85776710510254,0.0,28
13,187,187,0.9697999954223633,0.09554234892129898,267.3574330806732,170.64672756195068,0.0,28
14,201,201,0.9718999862670898,0.0855506956577301,287.58819127082825,183.75602960586548,0.0,28
15,215,215,0.9775999784469604,0.06805890798568726,307.3688840866089,196.35034799575806,0.0,28
16,230,230,0.9760000109672546,0.07509392499923706,329.1168873310089,210.3921492099762,0.0,28
17,244,244,0.9812999963760376,0.05918199568986893,348.8522639274597,223.11356735229492,0.0,28
18,259,259,0.983299970626831,0.052853137254714966,369.9781084060669,236.6132414340973,0.0,28
19,273,273,0.9839000105857849,0.050589580088853836,390.50489616394043,249.79233312606812,0.0,28
20,287,287,0.9868999719619751,0.04204242676496506,410.671884059906,262.8606119155884,0.0,28
