epoch,steps,syncs,accuracy,loss,time,com_time,calc_time,exper_id
1,58,3,0.9765999913215637,0.070592001080513,27.422181606292725,1.6428537368774414,0.5553605556488037,29
2,116,3,0.9854000210762024,0.04218238592147827,52.62491059303284,2.681946039199829,1.0841121673583984,29
3,175,3,0.9897000193595886,0.03318432718515396,77.99170255661011,3.6786181926727295,1.635939359664917,29
4,233,4,0.991100013256073,0.027259793132543564,103.22799158096313,5.438444375991821,2.1556341648101807,29
5,291,4,0.9940000176429749,0.018801510334014893,127.95841002464294,6.937828063964844,2.6523492336273193,29
6,350,4,0.993399977684021,0.020331228151917458,153.17205572128296,8.45102071762085,3.127286911010742,29
7,408,4,0.9944000244140625,0.018863122910261154,177.876873254776,9.811567783355713,3.664008140563965,29
8,466,5,0.9930999875068665,0.025937844067811966,203.0053265094757,11.599326848983765,4.190758466720581,29
9,525,5,0.9937999844551086,0.0252398569136858,228.2172474861145,13.054694652557373,4.695138692855835,29
10,583,5,0.9925000071525574,0.026498373597860336,253.60973191261292,14.573785305023193,5.156398296356201,29
11,642,5,0.9929999709129333,0.022336745634675026,279.0225398540497,16.013281106948853,5.613105535507202,29
12,700,6,0.994700014591217,0.01966261863708496,304.4322781562805,17.890032052993774,6.079349994659424,29
13,758,6,0.9950000047683716,0.019445806741714478,329.49247574806213,19.350377798080444,6.561336278915405,29
14,817,6,0.9926999807357788,0.025941219180822372,354.72513937950134,20.782649993896484,7.063378095626831,29
15,875,6,0.9936000108718872,0.024262765422463417,379.6908690929413,22.20447278022766,7.540346384048462,29
16,933,7,0.994700014591217,0.02110997401177883,404.9729425907135,24.038249731063843,8.028477191925049,29
17,992,7,0.9954000115394592,0.02126491628587246,430.3225920200348,25.435518980026245,8.537181854248047,29
18,1050,7,0.9933000206947327,0.029062533751130104,455.212530374527,26.93724513053894,9.01683235168457,29
19,1109,7,0.9937000274658203,0.027535011991858482,480.4114599227905,28.455730199813843,9.484567642211914,29
20,1167,8,0.9943000078201294,0.028222359716892242,505.66074895858765,30.34350848197937,9.971665382385254,29
