epoch,steps,syncs,accuracy,loss,time,com_time,calc_time,exper_id
1,14,14,0.8604000210762024,0.4517839252948761,127.85372352600098,121.35977721214294,0.0,2
2,28,28,0.9469000101089478,0.15959812700748444,255.84252548217773,243.0745415687561,0.0,2
3,43,43,0.9684000015258789,0.09461823850870132,389.2230820655823,369.7047972679138,0.0,2
4,57,57,0.9769999980926514,0.07278087735176086,514.2376220226288,488.4350690841675,0.0,2
5,71,71,0.9829999804496765,0.05458079278469086,641.2444252967834,609.163378238678,0.0,2
6,86,86,0.9836999773979187,0.04797383397817612,780.4815020561218,741.6925237178802,0.0,2
7,100,100,0.9876999855041504,0.038860294967889786,908.394704580307,863.3433496952057,0.0,2
8,115,115,0.9884999990463257,0.037288397550582886,1042.891387462616,991.1295557022095,0.0,2
9,129,129,0.989300012588501,0.03343122452497482,1168.4919531345367,1110.512285232544,0.0,2
10,143,143,0.9889000058174133,0.0321696437895298,1296.6911249160767,1232.371948003769,0.0,2
