epoch,steps,syncs,accuracy,loss,time,com_time,calc_time,exper_id
1,7,7,0.11349999904632568,2.302067518234253,11.634716749191284,5.5074098110198975,0.0,30
2,14,14,0.11349999904632568,2.301138162612915,21.42491126060486,11.084460735321045,0.0,30
3,21,21,0.11349999904632568,2.301093816757202,31.241304874420166,16.674176692962646,0.0,30
4,28,28,0.11349999904632568,2.2951600551605225,41.81957769393921,23.065677642822266,0.0,30
5,36,36,0.11349999904632568,2.28204345703125,53.405757188797,29.829082250595093,0.0,30
6,43,43,0.13120000064373016,2.220275402069092,63.75262236595154,35.82824730873108,0.0,30
7,50,50,0.20550000667572021,2.0572891235351562,73.56983828544617,41.46282696723938,0.0,30
8,57,57,0.33730000257492065,1.7810230255126953,83.58715796470642,47.22227168083191,0.0,30
9,65,65,0.46790000796318054,1.5064587593078613,95.59892249107361,54.406392335891724,0.0,30
10,72,72,0.5250999927520752,1.2737879753112793,106.37353706359863,60.73899245262146,0.0,30
11,79,79,0.6302000284194946,1.0310618877410889,116.55421948432922,66.72374725341797,0.0,30
12,86,86,0.6901000142097473,0.8495166897773743,126.9622437953949,72.9790735244751,0.0,30
13,94,94,0.7161999940872192,0.781811535358429,138.74556732177734,79.87718534469604,0.0,30
14,101,101,0.7935000061988831,0.6135593056678772,149.12861609458923,85.99594855308533,0.0,30
15,108,108,0.8363999724388123,0.5033582448959351,158.98045325279236,91.63622546195984,0.0,30
16,115,115,0.8639000058174133,0.4229855537414551,169.31658911705017,97.7758436203003,0.0,30
17,123,123,0.8866000175476074,0.3515793979167938,181.67567086219788,105.15568399429321,0.0,30
18,130,130,0.907800018787384,0.291243314743042,191.337149143219,110.62484455108643,0.0,30
19,137,137,0.9286999702453613,0.23053693771362305,201.37146401405334,116.4000244140625,0.0,30
20,144,144,0.9401000142097473,0.1961980015039444,211.30310130119324,122.07776045799255,0.0,30
