epoch,steps,syncs,accuracy,loss,time,com_time,calc_time,exper_id
1,29,2,0.9524999856948853,0.16421175003051758,20.84087300300598,0.640800952911377,0.38506507873535156,31
2,58,3,0.9819999933242798,0.057659655809402466,39.920897245407104,1.3442683219909668,0.7160024642944336,31
3,87,3,0.9894999861717224,0.03519953042268753,58.66507601737976,1.6781680583953857,1.0389227867126465,31
4,116,3,0.9904000163078308,0.030833080410957336,77.48027110099792,1.9970676898956299,1.364023208618164,31
5,146,3,0.9905999898910522,0.02737509459257126,96.91335391998291,2.3364861011505127,1.6878364086151123,31
6,175,3,0.9918000102043152,0.023629847913980484,115.61383485794067,2.6779794692993164,1.9943335056304932,31
7,204,4,0.9914000034332275,0.02616162784397602,134.74239563941956,3.4055185317993164,2.2709879875183105,31
8,233,4,0.9926000237464905,0.022717980667948723,153.46123671531677,3.773740768432617,2.535409927368164,31
9,263,4,0.9929999709129333,0.022261077538132668,172.7537395954132,4.166822910308838,2.8080830574035645,31
10,292,4,0.9940000176429749,0.020097658038139343,191.50875306129456,4.552673816680908,3.091893196105957,31
11,321,4,0.9926000237464905,0.02270590141415596,210.18342757225037,4.939457654953003,3.370027780532837,31
12,350,4,0.9932000041007996,0.0228542722761631,228.92230415344238,5.377380847930908,3.6254734992980957,31
13,379,4,0.9934999942779541,0.020590607076883316,247.62913632392883,5.739585638046265,3.921931505203247,31
14,409,4,0.9937000274658203,0.020176038146018982,266.94126439094543,6.176834583282471,4.1805808544158936,31
15,438,4,0.9947999715805054,0.020869681611657143,285.62726163864136,6.546142339706421,4.440559387207031,31
16,467,4,0.9944999814033508,0.02154671400785446,304.30413269996643,6.972717761993408,4.699371099472046,31
17,496,4,0.9939000010490417,0.024247504770755768,322.970685005188,7.36699914932251,4.985811233520508,31
18,526,5,0.9936000108718872,0.02166302129626274,342.7258269786835,8.12987995147705,5.286562204360962,31
19,555,5,0.9939000010490417,0.024645768105983734,361.4195907115936,8.472669839859009,5.57537317276001,31
20,584,5,0.9940999746322632,0.023061836138367653,380.05745697021484,8.810081243515015,5.875454664230347,31
