epoch,steps,syncs,accuracy,loss,time,com_time,calc_time,exper_id
1,29,2,0.9509000182151794,0.16187535226345062,19.626216411590576,3.209996223449707,0.05947136878967285,33
2,58,3,0.9804999828338623,0.05508364364504814,37.32028365135193,7.210641384124756,0.11597919464111328,33
3,87,3,0.9882000088691711,0.034416187554597855,54.194905281066895,10.221681356430054,0.17164111137390137,33
4,116,3,0.9908000230789185,0.027304181829094887,71.02334761619568,12.875772953033447,0.22758078575134277,33
5,146,3,0.9925000071525574,0.022669119760394096,88.62932920455933,15.614847898483276,0.2873706817626953,33
6,175,3,0.991599977016449,0.02422037534415722,105.40327167510986,18.325944900512695,0.3457987308502197,33
7,204,4,0.9933000206947327,0.02100127376616001,122.69016027450562,21.874260425567627,0.40241098403930664,33
8,233,4,0.9932000041007996,0.02066550776362419,139.20835828781128,24.26173233985901,0.46180295944213867,33
9,263,4,0.9934999942779541,0.01960708573460579,156.85047554969788,27.275203466415405,0.5246427059173584,33
10,292,4,0.9936000108718872,0.019551001489162445,173.45140886306763,29.65840196609497,0.5838379859924316,33
11,321,4,0.993399977684021,0.022007031366229057,190.3562366962433,32.589271545410156,0.6511225700378418,33
12,350,4,0.9923999905586243,0.02400120534002781,207.5130865573883,35.773507595062256,0.7172629833221436,33
13,379,4,0.9947999715805054,0.02020321786403656,224.14702677726746,38.162678480148315,0.7794816493988037,33
14,409,4,0.9939000010490417,0.02209262177348137,241.6810121536255,40.90206575393677,0.8494939804077148,33
15,438,4,0.9944999814033508,0.0212966650724411,258.7587070465088,43.63172459602356,0.9150590896606445,33
16,467,5,0.9944999814033508,0.021300701424479485,276.2222776412964,47.32913589477539,0.9822742938995361,33
17,496,5,0.9940999746322632,0.022832076996564865,292.7684724330902,50.08978891372681,1.0497417449951172,33
18,526,5,0.9940999746322632,0.02302621677517891,310.4551706314087,52.961966037750244,1.1196351051330566,33
19,555,5,0.9943000078201294,0.02190936915576458,327.52098846435547,55.561506271362305,1.1865808963775635,33
20,584,5,0.9941999912261963,0.024311155080795288,344.4711034297943,58.555004835128784,1.256659984588623,33
