epoch,steps,syncs,accuracy,loss,time,com_time,calc_time,exper_id
1,14,2,0.8626000285148621,0.4657334089279175,11.144972562789917,1.6741642951965332,0.03133797645568848,34
2,28,2,0.960099995136261,0.11690230667591095,19.720860481262207,3.058598041534424,0.06087613105773926,34
3,43,2,0.9789999723434448,0.06562769412994385,29.047494649887085,4.4836273193359375,0.09077858924865723,34
4,57,3,0.9851999878883362,0.045576658099889755,38.33109140396118,6.578148365020752,0.11935067176818848,34
5,71,3,0.9878000020980835,0.03368901461362839,46.87831997871399,7.904913663864136,0.14553260803222656,34
6,86,3,0.989799976348877,0.030221667140722275,55.89876675605774,9.066753625869751,0.17681264877319336,34
7,100,3,0.9921000003814697,0.025141790509223938,64.14595818519592,10.304988861083984,0.20631861686706543,34
8,115,3,0.9908999800682068,0.026379788294434547,73.1625247001648,11.62398886680603,0.23921465873718262,34
9,129,3,0.9908999800682068,0.02792302519083023,81.41526436805725,12.851237773895264,0.2692127227783203,34
10,143,3,0.9930999875068665,0.022172164171934128,89.84507393836975,14.273168563842773,0.3017418384552002,34
11,158,3,0.9937000274658203,0.020151101052761078,99.03237652778625,15.676912546157837,0.3325810432434082,34
12,172,3,0.9934999942779541,0.021602539345622063,107.5458459854126,16.892096519470215,0.3621952533721924,34
13,187,3,0.9939000010490417,0.020650774240493774,116.7987961769104,18.147713661193848,0.39078402519226074,34
14,201,3,0.9934999942779541,0.021754339337348938,125.2373514175415,19.61146354675293,0.41890573501586914,34
15,215,3,0.9926999807357788,0.024287231266498566,133.50100326538086,20.970741510391235,0.446765661239624,34
16,230,4,0.9937999844551086,0.02318766713142395,143.50402069091797,23.174506902694702,0.48686766624450684,34
17,244,4,0.9912999868392944,0.029116986319422722,151.98996543884277,24.492106437683105,0.5155601501464844,34
18,259,4,0.9940000176429749,0.026371179148554802,160.92508149147034,25.663152933120728,0.5498228073120117,34
19,273,4,0.9939000010490417,0.023394932970404625,169.52715945243835,27.141597986221313,0.5790174007415771,34
20,287,4,0.9940999746322632,0.02191658690571785,178.26716995239258,28.645241737365723,0.6105403900146484,34
