epoch,steps,syncs,accuracy,loss,time,com_time,calc_time,exper_id
1,7,2,0.4025999903678894,1.618201732635498,7.158509016036987,0.9648315906524658,0.014250755310058594,35
2,14,2,0.8342000246047974,0.5308446884155273,11.797318458557129,1.2608015537261963,0.027703523635864258,35
3,21,2,0.932200014591217,0.2298293262720108,16.481833696365356,1.622478723526001,0.042415618896484375,35
4,28,2,0.9598000049591064,0.12521770596504211,21.07734966278076,1.8225505352020264,0.06115102767944336,35
5,36,2,0.9729999899864197,0.0873153805732727,26.523483514785767,2.1713075637817383,0.08092570304870605,35
6,43,3,0.9800000190734863,0.06302860379219055,31.72600483894348,3.0959064960479736,0.09464859962463379,35
7,50,3,0.9842000007629395,0.04921671748161316,36.132731914520264,3.2491092681884766,0.10805320739746094,35
8,57,3,0.9871000051498413,0.04004297032952309,40.61967706680298,3.467428207397461,0.12838315963745117,35
9,65,3,0.9887999892234802,0.03686147183179855,45.81766629219055,3.714169979095459,0.14476513862609863,35
10,72,3,0.989799976348877,0.03312506154179573,50.63194012641907,3.908252000808716,0.15825104713439941,35
11,79,3,0.989300012588501,0.03307854011654854,55.12906336784363,4.145711183547974,0.17360329627990723,35
12,86,3,0.9918000102043152,0.026333721354603767,59.614628314971924,4.340251445770264,0.19271349906921387,35
13,94,3,0.9922000169754028,0.025332294404506683,64.9862847328186,4.738221168518066,0.2107088565826416,35
14,101,3,0.9926000237464905,0.023875204846262932,69.39728426933289,4.850534200668335,0.22710824012756348,35
15,108,3,0.9921000003814697,0.025275202468037605,74.01962184906006,4.9711103439331055,0.24128198623657227,35
16,115,3,0.991599977016449,0.026035623624920845,78.42235136032104,5.118506669998169,0.2604372501373291,35
17,123,3,0.9926999807357788,0.023784128949046135,83.72080731391907,5.464121341705322,0.2785677909851074,35
18,130,3,0.9923999905586243,0.024638034403324127,88.31877493858337,5.767280578613281,0.29947781562805176,35
19,137,3,0.9930999875068665,0.02146046981215477,92.85519623756409,6.078654527664185,0.31615781784057617,35
20,144,3,0.9925000071525574,0.023819025605916977,97.49073433876038,6.348921775817871,0.3322758674621582,35
