epoch,steps,syncs,accuracy,loss,time,com_time,calc_time,exper_id
1,58,3,0.9779999852180481,0.06681147962808609,38.2666802406311,6.784053564071655,0.7368121147155762,36
2,116,3,0.9882000088691711,0.03377017751336098,72.9897198677063,12.840582847595215,1.3325071334838867,36
3,175,3,0.9915000200271606,0.026188476011157036,108.16884565353394,19.4662082195282,1.9600257873535156,36
4,233,4,0.9926999807357788,0.023050382733345032,143.3456735610962,26.18672513961792,2.5802295207977295,36
5,291,4,0.9927999973297119,0.021718567237257957,177.85025262832642,32.32685160636902,3.203364849090576,36
6,350,4,0.9936000108718872,0.021430939435958862,212.5195233821869,38.235490560531616,3.836463212966919,36
7,408,4,0.9945999979972839,0.019841281697154045,246.70872569084167,44.20529294013977,4.457959175109863,36
8,466,4,0.9926000237464905,0.024293474853038788,281.09534668922424,50.64105677604675,5.038052320480347,36
9,525,5,0.9933000206947327,0.025285061448812485,316.9923198223114,57.364813804626465,5.6690733432769775,36
10,583,5,0.9916999936103821,0.029940903186798096,351.73057866096497,63.64844560623169,6.2245848178863525,36
11,642,5,0.9926999807357788,0.027475405484437943,386.95802640914917,70.08111023902893,6.798938274383545,36
12,700,5,0.993399977684021,0.026177117601037025,421.40379095077515,76.15737104415894,7.423478126525879,36
13,758,5,0.9943000078201294,0.023291559889912605,455.7962577342987,82.05992674827576,8.008597373962402,36
14,817,6,0.992900013923645,0.023677371442317963,491.1296741962433,88.9421637058258,8.658447980880737,36
15,875,6,0.992900013923645,0.02823375165462494,525.8399212360382,94.88152956962585,9.27010440826416,36
16,933,6,0.9948999881744385,0.021754015237092972,560.1861011981964,100.76048517227173,9.85381031036377,36
17,992,6,0.9934999942779541,0.02628500759601593,595.6667110919952,107.01411318778992,10.43472170829773,36
18,1050,6,0.9944000244140625,0.028523888438940048,630.0915439128876,113.40196633338928,11.008281946182251,36
19,1109,7,0.9941999912261963,0.02938712202012539,665.8917100429535,120.18103075027466,11.64348840713501,36
20,1167,7,0.9940000176429749,0.02113223634660244,700.253271818161,126.1692202091217,12.236242055892944,36
