epoch,steps,syncs,accuracy,loss,time,com_time,calc_time,exper_id
1,29,2,0.9552000164985657,0.14147977530956268,19.707902193069458,3.125185251235962,0.31165599822998047,37
2,58,3,0.9824000000953674,0.053638651967048645,38.05956411361694,6.435455799102783,0.5853371620178223,37
3,87,3,0.9884999990463257,0.03542603924870491,55.23287487030029,9.330658674240112,0.8658390045166016,37
4,116,3,0.9909999966621399,0.027707083150744438,72.79536986351013,12.274436473846436,1.1202471256256104,37
5,146,3,0.9925000071525574,0.022522365674376488,91.22724652290344,15.387045860290527,1.3882861137390137,37
6,175,3,0.9925000071525574,0.0231707151979208,108.80567169189453,17.997265815734863,1.6733131408691406,37
7,204,3,0.9936000108718872,0.02084830030798912,126.88433027267456,20.82276701927185,1.9452054500579834,37
8,233,4,0.9922999739646912,0.024251947179436684,145.81649208068848,25.007246732711792,2.2215352058410645,37
9,263,4,0.9929999709129333,0.022276995703577995,164.56660342216492,27.9849693775177,2.503326892852783,37
10,292,4,0.9929999709129333,0.023566335439682007,182.61891436576843,31.336894035339355,2.784041404724121,37
11,321,4,0.9933000206947327,0.02094205841422081,200.5359811782837,34.58500409126282,3.0525057315826416,37
12,350,4,0.9937999844551086,0.021323665976524353,217.960675239563,37.45935034751892,3.3481478691101074,37
13,379,4,0.9934999942779541,0.023423058912158012,235.11295127868652,40.22685432434082,3.6534667015075684,37
14,409,4,0.993399977684021,0.024376848712563515,253.23661851882935,43.580424308776855,3.985344171524048,37
15,438,4,0.9926999807357788,0.02845824509859085,270.53432273864746,46.30764436721802,4.261648654937744,37
16,467,4,0.9905999898910522,0.03631652891635895,288.40068435668945,49.45936894416809,4.544450521469116,37
17,496,5,0.9940000176429749,0.02472366951406002,306.2060911655426,52.87335562705994,4.8643958568573,37
18,526,5,0.9940000176429749,0.023998655378818512,324.4081208705902,55.95810317993164,5.148510932922363,37
19,555,5,0.9941999912261963,0.023320652544498444,342.33928656578064,58.949119091033936,5.408708333969116,37
20,584,5,0.9934999942779541,0.029660852625966072,359.87368154525757,62.00204586982727,5.7159504890441895,37
