epoch,steps,syncs,accuracy,loss,time,com_time,calc_time,exper_id
1,234,4,0.9855999946594238,0.048830546438694,176.96807718276978,96.5044994354248,13.23717451095581,3
2,468,5,0.9919000267982483,0.02902156114578247,347.4289503097534,191.74461817741394,25.0909161567688,3
3,702,6,0.9930999875068665,0.024027086794376373,518.7639739513397,286.57557463645935,37.06356143951416,3
4,937,7,0.9929999709129333,0.022379953414201736,690.9425904750824,382.00535583496094,49.02575922012329,3
5,1171,8,0.9933000206947327,0.022477494552731514,864.0016624927521,477.4400472640991,60.859126329422,3
6,1405,9,0.9929999709129333,0.024195605888962746,1035.2519555091858,572.3564522266388,72.84043431282043,3
7,1639,11,0.9925000071525574,0.027592478320002556,1206.9114904403687,667.5015351772308,84.5691487789154,3
8,1874,12,0.993399977684021,0.023627370595932007,1378.6412377357483,762.8955073356628,96.49816703796387,3
9,2108,13,0.993399977684021,0.0261186882853508,1549.208671092987,858.0384016036987,108.42704105377197,3
10,2342,15,0.9919000267982483,0.034145329147577286,1719.734647989273,953.1050915718079,120.16811800003052,3
