epoch,steps,syncs,accuracy,loss,time,com_time,calc_time,exper_id
1,7,2,0.5404999852180481,1.5546058416366577,12.55483102798462,1.1553318500518799,5.224093675613403,44
2,14,2,0.876800000667572,0.4380261301994324,23.170499563217163,1.8576698303222656,10.886101007461548,44
3,21,2,0.9412999749183655,0.2048860341310501,33.39831852912903,2.140002489089966,16.5588436126709,44
4,28,2,0.9621999859809875,0.11932405084371567,43.63166522979736,2.4373042583465576,22.222977876663208,44
5,36,2,0.9757999777793884,0.07834206521511078,55.34276509284973,2.7238962650299072,28.738956689834595,44
6,43,3,0.9789999723434448,0.06571782380342484,66.27437448501587,3.7310240268707275,34.403194189071655,44
7,50,3,0.9840999841690063,0.0490688756108284,76.56816506385803,4.072929859161377,40.08294057846069,44
8,57,3,0.9871000051498413,0.0419413186609745,86.76893711090088,4.327441692352295,45.759681224823,44
9,65,3,0.9883000254631042,0.03460469841957092,98.44776725769043,4.604776859283447,52.22971200942993,44
10,72,3,0.9904000163078308,0.03326192498207092,108.67156028747559,4.906263828277588,57.89855623245239,44
11,79,3,0.9911999702453613,0.02831283211708069,119.24800372123718,5.544925928115845,63.553961753845215,44
12,86,3,0.9914000034332275,0.02743016742169857,130.2623209953308,6.6824281215667725,69.20300269126892,44
13,94,3,0.9908999800682068,0.028857378289103508,142.0891671180725,6.995357036590576,75.65979170799255,44
14,101,3,0.9921000003814697,0.025735165923833847,152.18379020690918,7.1715028285980225,81.34079170227051,44
15,108,3,0.9915000200271606,0.025938229635357857,162.3788821697235,7.474045276641846,87.01778030395508,44
16,115,3,0.9925000071525574,0.024176189675927162,172.49430632591248,7.6905083656311035,92.68448162078857,44
17,123,3,0.991599977016449,0.025184735655784607,184.3774619102478,7.971739053726196,99.15376710891724,44
18,130,3,0.9927999973297119,0.023758545517921448,194.61804270744324,8.28600811958313,104.80792689323425,44
19,137,3,0.9933000206947327,0.02242172509431839,204.74780583381653,8.493295431137085,110.4643006324768,44
20,144,3,0.9930999875068665,0.023574531078338623,214.99353075027466,8.799484252929688,116.13863205909729,44
