epoch,steps,syncs,accuracy,loss,time,com_time,calc_time,exper_id
1,7,7,0.11349999904632568,2.3021256923675537,12.127951860427856,5.930675029754639,0.0,50
2,14,14,0.11349999904632568,2.3012619018554688,22.38664221763611,11.94910478591919,0.0,50
3,21,21,0.11349999904632568,2.3016464710235596,32.91062331199646,18.279661655426025,0.0,50
4,28,28,0.11349999904632568,2.3014848232269287,43.230224609375,24.297366857528687,0.0,50
5,36,36,0.11349999904632568,2.3011372089385986,54.68148159980774,30.940622806549072,0.0,50
6,43,43,0.11349999904632568,2.3009891510009766,64.8067262172699,36.82992196083069,0.0,50
7,50,50,0.11349999904632568,2.3010411262512207,74.63843441009521,42.49607300758362,0.0,50
8,57,57,0.11349999904632568,2.3010709285736084,85.27469420433044,48.86156940460205,0.0,50
9,65,65,0.11349999904632568,2.301002025604248,97.04996728897095,55.716360330581665,0.0,50
10,72,72,0.11349999904632568,2.3005990982055664,106.89207601547241,61.41909646987915,0.0,50
11,79,79,0.11349999904632568,2.2887749671936035,117.26782011985779,67.4241852760315,0.0,50
12,86,86,0.11349999904632568,2.2746167182922363,126.98218178749084,72.91184592247009,0.0,50
13,94,94,0.18610000610351562,2.127021312713623,138.75661897659302,79.85263013839722,0.0,50
14,101,101,0.1842000037431717,2.086470603942871,148.70982766151428,85.65853595733643,0.0,50
15,108,108,0.24869999289512634,2.0081450939178467,158.91463947296143,91.57611894607544,0.0,50
16,115,115,0.2939000129699707,1.8675707578659058,169.1776213645935,97.51988172531128,0.0,50
17,123,123,0.334199994802475,1.6328654289245605,180.99624514579773,104.47637176513672,0.0,50
18,130,130,0.4339999854564667,1.46200430393219,191.11937713623047,110.37080669403076,0.0,50
19,137,137,0.5364999771118164,1.3411966562271118,201.5706033706665,116.5721230506897,0.0,50
20,144,144,0.5746999979019165,1.205264925956726,211.84427976608276,122.60403323173523,0.0,50
