epoch,steps,syncs,accuracy,loss,time,com_time,calc_time,exper_id
1,29,2,0.9523000121116638,0.15665192902088165,43.36017107963562,0.8126780986785889,23.003821849822998,51
2,58,3,0.9830999970436096,0.050957392901182175,85.52445101737976,1.5971095561981201,46.45444941520691,51
3,87,3,0.9894000291824341,0.03479083254933357,127.43174386024475,2.142510414123535,69.87862801551819,51
4,116,3,0.9919000267982483,0.024793483316898346,169.1660475730896,2.5668396949768066,93.35847973823547,51
5,146,3,0.9921000003814697,0.02476862072944641,212.2546410560608,2.871408462524414,117.64824414253235,51
6,175,3,0.9933000206947327,0.021254193037748337,253.86634397506714,3.22937273979187,141.06076002120972,51
7,204,3,0.9918000102043152,0.0256143007427454,295.52605962753296,3.572322368621826,164.5270037651062,51
8,233,3,0.9934999942779541,0.021743852645158768,337.2454035282135,3.902055025100708,188.00187492370605,51
9,263,4,0.9937000274658203,0.019943349063396454,381.0425560474396,4.773033857345581,212.3306450843811,51
10,292,4,0.9944000244140625,0.020906228572130203,422.96453976631165,5.336445569992065,235.80760312080383,51
11,321,4,0.9944000244140625,0.020455267280340195,464.6688508987427,5.704110860824585,259.25484466552734,51
12,350,4,0.9945999979972839,0.016689037904143333,506.451473236084,6.150865793228149,282.6749212741852,51
13,379,4,0.9941999912261963,0.01868501305580139,548.1694550514221,6.59665584564209,306.1407880783081,51
14,409,4,0.9950000047683716,0.019405489787459373,591.3237159252167,7.0251641273498535,330.38565039634705,51
15,438,4,0.9941999912261963,0.020352376624941826,632.99658203125,7.381716728210449,353.8592882156372,51
16,467,4,0.9934999942779541,0.022037042304873466,674.6861174106598,7.841275215148926,377.27459049224854,51
17,496,4,0.9934999942779541,0.025072060525417328,716.5811102390289,8.347801923751831,400.7613322734833,51
18,526,4,0.9927999973297119,0.024500969797372818,759.7419738769531,8.78193187713623,425.00992941856384,51
19,555,5,0.9943000078201294,0.02177860029041767,801.8000800609589,9.539675235748291,448.45024824142456,51
20,584,5,0.9939000010490417,0.01999315246939659,843.545330286026,10.01944875717163,471.8905351161957,51
