epoch,steps,syncs,accuracy,loss,time,com_time,calc_time,exper_id
1,58,3,0.9797000288963318,0.06571148335933685,37.15848207473755,7.115849494934082,0.116363525390625,52
2,116,3,0.9890999794006348,0.0338992103934288,70.78323078155518,12.656713485717773,0.2299182415008545,52
3,175,3,0.9883000254631042,0.033735036849975586,104.70905232429504,18.19134020805359,0.34481143951416016,52
4,233,4,0.9918000102043152,0.022873172536492348,138.8557152748108,24.362125396728516,0.46053457260131836,52
5,291,4,0.991599977016449,0.022954974323511124,172.2814803123474,29.59398102760315,0.5709114074707031,52
6,350,4,0.9915000200271606,0.026227960363030434,205.8553237915039,35.394763708114624,0.6827292442321777,52
7,408,5,0.9940000176429749,0.020886940881609917,239.73264360427856,41.6643488407135,0.8052599430084229,52
8,466,5,0.992900013923645,0.022497624158859253,272.99448013305664,46.97562837600708,0.9187030792236328,52
9,525,5,0.9934999942779541,0.021406836807727814,306.8762927055359,53.082600593566895,1.0453145503997803,52
10,583,5,0.9934999942779541,0.021871095523238182,340.00328755378723,58.629266023635864,1.1672546863555908,52
11,642,6,0.9954000115394592,0.020821938291192055,374.5647439956665,65.20135521888733,1.293564796447754,52
12,700,6,0.9937999844551086,0.02262011356651783,407.1449086666107,71.03803277015686,1.4177587032318115,52
13,758,6,0.9940999746322632,0.020730765536427498,440.2964701652527,76.90945863723755,1.5437185764312744,52
14,817,6,0.9934999942779541,0.022732146084308624,473.1312005519867,82.59711718559265,1.6726226806640625,52
15,875,6,0.9944999814033508,0.023134645074605942,507.02796053886414,88.13777375221252,1.8014702796936035,52
16,933,7,0.9937000274658203,0.028236208483576775,541.4090175628662,94.71429967880249,1.925940990447998,52
17,992,7,0.9937999844551086,0.0229022316634655,575.1836774349213,100.67709040641785,2.059694766998291,52
18,1050,7,0.9940999746322632,0.02709869109094143,608.161506652832,106.52280640602112,2.191277503967285,52
19,1109,7,0.9925000071525574,0.02924346551299095,642.0666494369507,112.00288915634155,2.3187735080718994,52
20,1167,8,0.9936000108718872,0.026931269094347954,676.6042535305023,118.14475321769714,2.4404568672180176,52
