epoch,steps,syncs,accuracy,loss,time,com_time,calc_time,exper_id
1,29,2,0.9527999758720398,0.1486133486032486,19.406471967697144,3.538125991821289,0.06451177597045898,53
2,58,3,0.9828000068664551,0.05160950496792793,37.0965142250061,7.322150945663452,0.127485990524292,53
3,87,3,0.988099992275238,0.03518625348806381,53.690572023391724,9.903368949890137,0.1891334056854248,53
4,116,3,0.991100013256073,0.028966326266527176,70.9458384513855,12.509324073791504,0.25036096572875977,53
5,146,3,0.9923999905586243,0.023937692865729332,88.74722599983215,15.570183277130127,0.31461405754089355,53
6,175,3,0.992900013923645,0.02285560593008995,105.33968806266785,18.24541449546814,0.3749101161956787,53
7,204,4,0.9937000274658203,0.020249446853995323,123.33280634880066,22.132012128829956,0.4390897750854492,53
8,233,4,0.993399977684021,0.022384800016880035,140.15386748313904,24.776163578033447,0.5003550052642822,53
9,263,4,0.9934999942779541,0.02125222235918045,157.53019309043884,27.58115315437317,0.5663168430328369,53
10,292,4,0.9944999814033508,0.017392121255397797,174.34087467193604,30.398113489151,0.629117488861084,53
11,321,4,0.9940000176429749,0.021470800042152405,191.0277898311615,32.70389699935913,0.6929943561553955,53
12,350,4,0.992900013923645,0.02621815726161003,207.8555498123169,35.37455630302429,0.7593817710876465,53
13,379,4,0.9940999746322632,0.021446527913212776,224.57378029823303,38.182018756866455,0.8228940963745117,53
14,409,4,0.9940999746322632,0.020145060494542122,242.19085597991943,40.936789751052856,0.8862583637237549,53
15,438,4,0.9937999844551086,0.02240738272666931,258.98204493522644,43.299453020095825,0.9506702423095703,53
16,467,5,0.9937000274658203,0.027266060933470726,276.44611048698425,46.8278648853302,1.0095274448394775,53
17,496,5,0.9945999979972839,0.022528773173689842,293.80779790878296,49.60955810546875,1.0762126445770264,53
18,526,5,0.9944999814033508,0.02343512326478958,310.85458540916443,52.233165979385376,1.1443889141082764,53
19,555,5,0.9944000244140625,0.022341007366776466,327.50240659713745,55.11776876449585,1.2036943435668945,53
20,584,5,0.9934999942779541,0.026038387790322304,344.42913794517517,58.04791069030762,1.264904260635376,53
