epoch,steps,syncs,accuracy,loss,time,com_time,calc_time,exper_id
1,14,2,0.77920001745224,0.6644787788391113,10.953818798065186,1.9720690250396729,0.0287628173828125,54
2,28,2,0.9509999752044678,0.16336590051651,19.453811407089233,3.4717354774475098,0.053627729415893555,54
3,43,3,0.9760000109672546,0.07161922007799149,29.538119077682495,5.75383186340332,0.08290815353393555,54
4,57,3,0.984000027179718,0.04804367199540138,38.64079523086548,7.226257801055908,0.10823225975036621,54
5,71,3,0.9883999824523926,0.03519589453935623,47.360719442367554,8.649561643600464,0.13377094268798828,54
6,86,3,0.9886000156402588,0.036444928497076035,56.57488656044006,10.09517788887024,0.16237330436706543,54
7,100,3,0.9907000064849854,0.02852543070912361,65.57228064537048,11.502671241760254,0.1893138885498047,54
8,115,3,0.9922000169754028,0.02490350604057312,74.80069613456726,12.79762053489685,0.2199561595916748,54
9,129,3,0.9909999966621399,0.02743767946958542,83.16784071922302,13.792272090911865,0.24969100952148438,54
10,143,3,0.9925000071525574,0.02588295377790928,91.74581575393677,15.134758472442627,0.27713823318481445,54
11,158,3,0.9932000041007996,0.02094670943915844,101.07303857803345,16.568873405456543,0.31191325187683105,54
12,172,3,0.992900013923645,0.02066766284406185,109.59397673606873,17.82556414604187,0.3409740924835205,54
13,187,4,0.9926999807357788,0.023711392655968666,120.11051559448242,20.23329734802246,0.3730809688568115,54
14,201,4,0.9934999942779541,0.0203535296022892,128.61977982521057,21.532256841659546,0.40346741676330566,54
15,215,4,0.992900013923645,0.02463453821837902,137.5197787284851,22.937798738479614,0.4319591522216797,54
16,230,4,0.9936000108718872,0.021698253229260445,146.72848749160767,24.411225080490112,0.46384716033935547,54
17,244,4,0.9934999942779541,0.020572228357195854,155.26601934432983,25.672143697738647,0.4917123317718506,54
18,259,4,0.9937999844551086,0.022329751402139664,164.45932269096375,27.0448739528656,0.5186388492584229,54
19,273,4,0.9937000274658203,0.02429649792611599,172.7818169593811,28.29574418067932,0.5449795722961426,54
20,287,4,0.9936000108718872,0.022509092465043068,180.980797290802,29.651777267456055,0.5725955963134766,54
