epoch,steps,syncs,accuracy,loss,time,com_time,calc_time,exper_id
1,7,2,0.6175000071525574,1.6563146114349365,7.739940404891968,1.3694219589233398,0.013810873031616211,55
2,14,2,0.8266000151634216,0.5602498054504395,12.252415657043457,1.5685040950775146,0.03220653533935547,55
3,21,2,0.9376000165939331,0.2213522493839264,16.994666576385498,1.9794940948486328,0.04827570915222168,55
4,28,2,0.9610999822616577,0.12697550654411316,21.530133962631226,2.2039005756378174,0.06403493881225586,55
5,36,2,0.9761999845504761,0.07278183847665787,26.704737186431885,2.463263511657715,0.08054471015930176,55
6,43,3,0.982699990272522,0.054394789040088654,32.38628959655762,3.8630924224853516,0.09523892402648926,55
7,50,3,0.9858999848365784,0.041118040680885315,37.10940623283386,4.228101968765259,0.11185312271118164,55
8,57,3,0.9886999726295471,0.03542294725775719,41.506300926208496,4.362987518310547,0.13074636459350586,55
9,65,3,0.9884999990463257,0.032549500465393066,46.60377550125122,4.5387091636657715,0.1491680145263672,55
10,72,3,0.9900000095367432,0.031227322295308113,51.229979515075684,4.8695783615112305,0.1704399585723877,55
11,79,3,0.9922000169754028,0.02486441843211651,55.73821473121643,5.133888483047485,0.19031977653503418,55
12,86,3,0.9922999739646912,0.02552189864218235,60.145416021347046,5.304781436920166,0.2031409740447998,55
13,94,3,0.991100013256073,0.024751469492912292,65.42495322227478,5.453185796737671,0.22189068794250488,55
14,101,3,0.991599977016449,0.02323850803077221,69.95886611938477,5.732325315475464,0.23969101905822754,55
15,108,3,0.9933000206947327,0.023153044283390045,74.45028591156006,5.971560955047607,0.25619935989379883,55
16,115,3,0.9929999709129333,0.021058805286884308,79.13743424415588,6.18811559677124,0.2756986618041992,55
17,123,3,0.9925000071525574,0.02339995838701725,84.47123193740845,6.568947076797485,0.2945246696472168,55
18,130,3,0.9925000071525574,0.02504960261285305,88.89388847351074,6.707507848739624,0.3111588954925537,55
19,137,3,0.9930999875068665,0.021104803308844566,93.36435198783875,6.894092321395874,0.3246757984161377,55
20,144,3,0.992900013923645,0.023759815841913223,97.88756132125854,7.127169370651245,0.33975720405578613,55
