epoch,steps,syncs,accuracy,loss,time,com_time,calc_time,exper_id
1,14,2,0.859499990940094,0.4560210108757019,11.577126026153564,1.9905638694763184,0.16878962516784668,58
2,28,2,0.9623000025749207,0.11098811030387878,20.533979177474976,3.468911647796631,0.3005859851837158,58
3,43,3,0.98089998960495,0.06011723726987839,30.537723064422607,5.558509826660156,0.4584386348724365,58
4,57,3,0.9879000186920166,0.040423087775707245,39.2251250743866,6.961225271224976,0.5932002067565918,58
5,71,3,0.9901999831199646,0.030726009979844093,48.148818254470825,8.362338542938232,0.7361917495727539,58
6,86,3,0.9921000003814697,0.025333505123853683,57.35438680648804,9.743714332580566,0.9008996486663818,58
7,100,3,0.9914000034332275,0.027932938188314438,66.28661894798279,10.958569288253784,1.0199975967407227,58
8,115,3,0.9923999905586243,0.02174217998981476,75.99072408676147,12.464059829711914,1.1606786251068115,58
9,129,3,0.9933000206947327,0.021844271570444107,85.47216391563416,14.678032159805298,1.296401023864746,58
10,143,3,0.9930999875068665,0.021042361855506897,94.38737058639526,15.964182376861572,1.4460632801055908,58
11,158,3,0.9927999973297119,0.02033611200749874,103.93068981170654,17.48582100868225,1.6067485809326172,58
12,172,3,0.9937000274658203,0.01860952004790306,112.63437104225159,19.018337726593018,1.7422456741333008,58
13,187,3,0.9937000274658203,0.019210247322916985,121.97390127182007,20.424991607666016,1.8955519199371338,58
14,201,3,0.9940000176429749,0.019910097122192383,130.5866301059723,21.611905574798584,2.062065839767456,58
15,215,3,0.9940999746322632,0.020095184445381165,139.49542713165283,22.87073540687561,2.1914889812469482,58
16,230,3,0.9944999814033508,0.021341843530535698,149.01609539985657,24.394954442977905,2.3446621894836426,58
17,244,4,0.9940999746322632,0.02381935343146324,158.50386095046997,26.645642280578613,2.4933488368988037,58
18,259,4,0.9934999942779541,0.022485138848423958,167.9047508239746,28.078246355056763,2.6504433155059814,58
19,273,4,0.9937000274658203,0.02596375159919262,176.84964799880981,29.58000087738037,2.777249574661255,58
20,287,4,0.9940000176429749,0.02298417128622532,185.9044361114502,31.24911069869995,2.9201877117156982,58
