epoch,steps,syncs,accuracy,loss,time,com_time,calc_time,exper_id
1,234,234,0.8870999813079834,0.3588005304336548,171.95245337486267,91.25981712341309,0.0,59
2,468,468,0.9757999777793884,0.07750281691551208,341.56351470947266,181.75672483444214,0.0,59
3,702,702,0.9800000190734863,0.06356418132781982,511.7959666252136,272.57197165489197,0.0,59
4,937,937,0.9883999824523926,0.037666987627744675,681.8550839424133,363.8754184246063,0.0,59
5,1171,1171,0.9873999953269958,0.04108819365501404,853.7639498710632,457.3777482509613,0.0,59
6,1405,1405,0.9901000261306763,0.03380509465932846,1024.5179438591003,550.7781159877777,0.0,59
7,1639,1639,0.9915000200271606,0.02839314565062523,1196.1677663326263,644.9545483589172,0.0,59
8,1874,1874,0.9908999800682068,0.033224016427993774,1367.2107808589935,738.4766035079956,0.0,59
9,2108,2108,0.9921000003814697,0.02947307750582695,1539.0520026683807,832.2744762897491,0.0,59
10,2342,2342,0.9897000193595886,0.03875783085823059,1710.4966971874237,925.9681251049042,0.0,59
11,2577,2577,0.9918000102043152,0.028977004811167717,1881.0197525024414,1019.9085376262665,0.0,59
12,2811,2811,0.9926000237464905,0.026735292747616768,2050.9052555561066,1112.5868170261383,0.0,59
13,3045,3045,0.9911999702453613,0.0319400355219841,2224.1150674819946,1207.9431538581848,0.0,59
14,3279,3279,0.9926999807357788,0.02980412356555462,2393.7431507110596,1300.6237337589264,0.0,59
15,3514,3514,0.9926000237464905,0.02961587905883789,2566.4476301670074,1395.0898759365082,0.0,59
16,3748,3748,0.9918000102043152,0.0336066298186779,2738.353720664978,1488.6390228271484,0.0,59
17,3982,3982,0.9927999973297119,0.02652812749147415,2909.1447081565857,1582.2364525794983,0.0,59
18,4216,4216,0.9922999739646912,0.030403152108192444,3078.2437489032745,1675.2748584747314,0.0,59
19,4451,4451,0.9915000200271606,0.03477123752236366,3249.1334552764893,1768.6371302604675,0.0,59
20,4685,4685,0.9926999807357788,0.02864861488342285,3419.523209095001,1862.1394324302673,0.0,59
