epoch,steps,syncs,accuracy,loss,time,com_time,calc_time,exper_id
1,58,3,0.9797000288963318,0.06684324145317078,83.1180489063263,8.740617752075195,46.48104691505432,62
2,116,3,0.9886999726295471,0.03699958324432373,161.75684118270874,14.73948073387146,93.34529972076416,62
3,175,3,0.9907000064849854,0.028755461797118187,242.7579710483551,21.644108295440674,141.10020923614502,62
4,233,4,0.9922000169754028,0.022474639117717743,325.1568830013275,30.46820068359375,188.00187993049622,62
5,291,4,0.9927999973297119,0.01930517517030239,405.1901659965515,36.83197093009949,235.77020525932312,62
6,350,4,0.9939000010490417,0.02071455307304859,486.0267550945282,44.01699376106262,283.544718503952,62
7,408,4,0.9912999868392944,0.026233701035380363,564.8303117752075,50.62167429924011,330.4461901187897,62
8,466,5,0.9940999746322632,0.021368233487010002,647.3551490306854,60.8139545917511,377.39007806777954,62
9,525,5,0.9948999881744385,0.019020868465304375,727.2802515029907,66.72437453269958,425.2746047973633,62
10,583,5,0.9940000176429749,0.02223964035511017,806.7766237258911,73.33947944641113,472.2858817577362,62
11,642,5,0.9947999715805054,0.02204977348446846,888.068521976471,80.01720952987671,520.0455446243286,62
12,700,6,0.9939000010490417,0.026196753606200218,968.0464689731598,87.99580883979797,566.9915692806244,62
13,758,6,0.9945999979972839,0.021254729479551315,1047.9896230697632,94.52352237701416,614.7991397380829,62
14,817,6,0.9927999973297119,0.025321347638964653,1128.7638309001923,101.74828839302063,662.5380094051361,62
15,875,6,0.9923999905586243,0.03187902644276619,1209.0126864910126,109.23603844642639,709.5235095024109,62
16,933,6,0.9945999979972839,0.019552994519472122,1287.688188791275,115.17339491844177,756.4896318912506,62
17,992,7,0.9939000010490417,0.02662685513496399,1369.0299792289734,122.74233984947205,804.3178009986877,62
18,1050,7,0.9940000176429749,0.02488517202436924,1447.6463601589203,128.8078215122223,851.2648251056671,62
19,1109,7,0.9944000244140625,0.025780603289604187,1529.409419298172,136.64872312545776,899.0045986175537,62
20,1167,7,0.9940000176429749,0.030526764690876007,1609.6297991275787,144.6343457698822,945.9474267959595,62
