epoch,steps,syncs,accuracy,loss,time,com_time,calc_time,exper_id
1,29,2,0.9465000033378601,0.17458845674991608,44.01013231277466,5.593231916427612,22.93890643119812,63
2,58,3,0.9824000000953674,0.052819281816482544,84.99820756912231,9.630693197250366,46.36882257461548,63
3,87,3,0.9896000027656555,0.03163306042551994,125.19086527824402,12.608271598815918,69.82634472846985,63
4,116,3,0.989300012588501,0.030488671734929085,164.97257900238037,15.717192649841309,93.27259230613708,63
5,146,3,0.9901000261306763,0.030354926362633705,206.70022869110107,19.214038848876953,117.52212762832642,63
6,175,3,0.9901000261306763,0.03200361505150795,247.25634956359863,22.826149225234985,140.93431210517883,63
7,204,3,0.9930999875068665,0.020986270159482956,288.22235107421875,26.693301677703857,164.35142064094543,63
8,233,4,0.9914000034332275,0.025287078693509102,328.90674662590027,30.51748275756836,187.8265016078949,63
9,263,4,0.9932000041007996,0.022357597947120667,370.0035934448242,33.39003539085388,212.09423828125,63
10,292,4,0.9939000010490417,0.022149385884404182,410.3625590801239,36.57362413406372,235.55290913581848,63
11,321,4,0.9933000206947327,0.022263597697019577,450.2085430622101,39.36396670341492,258.9869155883789,63
12,350,4,0.9940000176429749,0.022623561322689056,489.92884850502014,42.22683000564575,282.446843624115,63
13,379,4,0.9926000237464905,0.027421453967690468,530.0825238227844,45.57157874107361,305.8653554916382,63
14,409,4,0.9919000267982483,0.030435854569077492,571.2906541824341,48.812448501586914,330.15620517730713,63
15,438,4,0.9930999875068665,0.02368057332932949,612.7789485454559,53.28242802619934,353.64271306991577,63
16,467,4,0.9940999746322632,0.021860454231500626,653.7019472122192,57.383793354034424,377.0770037174225,63
17,496,5,0.9934999942779541,0.022151360288262367,694.5296053886414,61.538124799728394,400.5429799556732,63
18,526,5,0.9919000267982483,0.03510143980383873,735.6915481090546,64.4383316040039,424.8169765472412,63
19,555,5,0.9939000010490417,0.026774022728204727,775.881087064743,67.38147950172424,448.31674122810364,63
20,584,5,0.992900013923645,0.03472249582409859,815.9207377433777,70.45638608932495,471.8563723564148,63
