epoch,steps,syncs,accuracy,loss,time,com_time,calc_time,exper_id
1,58,58,0.3345000147819519,1.6928083896636963,47.44328761100769,23.557715892791748,0.0,64
2,116,116,0.8734999895095825,0.38825756311416626,92.73362064361572,46.568408489227295,0.0,64
3,175,175,0.9613999724388123,0.12930184602737427,139.06160736083984,70.26144814491272,0.0,64
4,233,233,0.9793999791145325,0.06482912600040436,184.77416944503784,93.4446816444397,0.0,64
5,291,291,0.980400025844574,0.06355378776788712,230.42863750457764,116.82338571548462,0.0,64
6,350,350,0.9819999933242798,0.05248251184821129,277.3168523311615,140.7920937538147,0.0,64
7,408,408,0.9854000210762024,0.044438160955905914,322.9074857234955,163.93938636779785,0.0,64
8,466,466,0.9883999824523926,0.03697364404797554,368.832998752594,187.75101685523987,0.0,64
9,525,525,0.9879000186920166,0.04162402078509331,415.76433801651,211.75128436088562,0.0,64
10,583,583,0.9908000230789185,0.030649462714791298,461.01885175704956,234.87080264091492,0.0,64
11,642,642,0.9882000088691711,0.03601613640785217,507.31487584114075,258.59210991859436,0.0,64
12,700,700,0.989799976348877,0.03175968676805496,552.2254049777985,281.729207277298,0.0,64
13,758,758,0.9901999831199646,0.03041357733309269,597.4648623466492,305.13881516456604,0.0,64
14,817,817,0.9897000193595886,0.03246430680155754,643.0132653713226,328.5731563568115,0.0,64
15,875,875,0.9915000200271606,0.025343572720885277,687.6257877349854,351.45601749420166,0.0,64
16,933,933,0.9914000034332275,0.02913041040301323,732.579428434372,374.64437103271484,0.0,64
17,992,992,0.9904000163078308,0.02973630279302597,778.9583373069763,398.1814024448395,0.0,64
18,1050,1050,0.9908999800682068,0.028748614713549614,824.3330824375153,421.3916130065918,0.0,64
19,1109,1109,0.9918000102043152,0.030486783012747765,869.8377373218536,444.7646207809448,0.0,64
20,1167,1167,0.9911999702453613,0.03343692794442177,915.0352804660797,467.76377749443054,0.0,64
