epoch,steps,syncs,accuracy,loss,time,com_time,calc_time,exper_id
1,14,2,0.8270000219345093,0.5324721932411194,22.130011081695557,2.235064744949341,10.849530458450317,65
2,28,2,0.9592000246047974,0.13149750232696533,42.49454641342163,4.727802038192749,22.15002942085266,65
3,43,3,0.9797999858856201,0.06054219976067543,64.642822265625,7.117646217346191,34.27786874771118,65
4,57,3,0.9860000014305115,0.042588941752910614,84.11183309555054,8.500332117080688,45.60283923149109,65
5,71,3,0.9883000254631042,0.03575674071907997,103.99334955215454,9.909573554992676,56.90933299064636,65
6,86,3,0.9894999861717224,0.03131881356239319,127.22940349578857,13.131006956100464,69.03870916366577,65
7,100,3,0.9911999702453613,0.02511535957455635,148.38378047943115,16.26547884941101,80.32911801338196,65
8,115,3,0.9908000230789185,0.02618981897830963,169.46158814430237,17.86623477935791,92.43594980239868,65
9,129,3,0.9909999966621399,0.024761304259300232,189.33264636993408,19.773505687713623,103.7310471534729,65
10,143,3,0.991100013256073,0.02418528124690056,208.98589706420898,21.316843032836914,115.01459693908691,65
11,158,3,0.993399977684021,0.02126012183725834,230.39938688278198,23.098865509033203,127.12474799156189,65
12,172,3,0.9934999942779541,0.02199946530163288,250.29611039161682,24.419336318969727,138.42252659797668,65
13,187,3,0.9936000108718872,0.019558032974600792,271.3881094455719,25.799116611480713,150.5186538696289,65
14,201,4,0.9933000206947327,0.021909423172473907,292.16158652305603,28.3340847492218,161.81450080871582,65
15,215,4,0.992900013923645,0.02117757685482502,311.71890139579773,29.74799156188965,173.1259729862213,65
16,230,4,0.9926000237464905,0.02285345457494259,332.97414660453796,31.303686141967773,185.249502658844,65
17,244,4,0.9929999709129333,0.023274526000022888,352.5850534439087,32.72513389587402,196.53428387641907,65
18,259,4,0.9933000206947327,0.02400551550090313,373.54393792152405,34.52129030227661,208.65399289131165,65
19,273,4,0.9937000274658203,0.022749237716197968,393.2698140144348,36.04959464073181,220.0356285572052,65
20,287,4,0.9937000274658203,0.024787604808807373,413.5523314476013,38.414530515670776,231.36118030548096,65
