epoch,steps,syncs,accuracy,loss,time,com_time,calc_time,exper_id
1,7,2,0.48249998688697815,1.7434810400009155,13.268943071365356,1.4795126914978027,5.350096225738525,67
2,14,2,0.8240000009536743,0.5907078981399536,23.565890073776245,1.8095834255218506,11.028677225112915,67
3,21,2,0.9240000247955322,0.2662791609764099,33.869330406188965,2.139721632003784,16.68876314163208,67
4,28,2,0.9544000029563904,0.14656895399093628,43.975571632385254,2.2944467067718506,22.361459493637085,67
5,36,2,0.9671000242233276,0.10098646581172943,55.55337882041931,2.500659942626953,28.830082416534424,67
6,43,3,0.9779000282287598,0.06841199845075607,66.90817379951477,3.872107744216919,34.495789527893066,67
7,50,3,0.9829000234603882,0.05414953455328941,77.20219349861145,4.161834001541138,40.15630483627319,67
8,57,3,0.98580002784729,0.04222702607512474,87.48705673217773,4.5084967613220215,45.80898833274841,67
9,65,3,0.9883999824523926,0.035940516740083694,99.13158869743347,4.747422695159912,52.28553581237793,67
10,72,3,0.9890000224113464,0.03246329352259636,109.23835825920105,4.939250946044922,57.9652419090271,67
11,79,3,0.9904999732971191,0.02898094244301319,119.364102602005,5.131657361984253,63.63142442703247,67
12,86,3,0.9912999868392944,0.026645513251423836,129.77233290672302,5.516229629516602,69.3735625743866,67
13,94,3,0.9904000163078308,0.027573931962251663,141.43903279304504,5.743212699890137,75.87435269355774,67
14,101,3,0.991599977016449,0.02605980820953846,151.80683588981628,6.163973808288574,81.52978682518005,67
15,108,3,0.991599977016449,0.02710094302892685,162.03903913497925,6.450159549713135,87.20003509521484,67
16,115,3,0.9922000169754028,0.024303534999489784,172.1677553653717,6.637564420700073,92.88604283332825,67
17,123,3,0.9904999732971191,0.025941815227270126,183.91424703598022,6.9437806606292725,99.36126637458801,67
18,130,3,0.9923999905586243,0.025590071454644203,194.6575517654419,7.750730991363525,105.03652167320251,67
19,137,3,0.9929999709129333,0.023491913452744484,204.7145655155182,7.909715890884399,110.69425439834595,67
20,144,3,0.9925000071525574,0.02354566380381584,214.90575218200684,8.147068738937378,116.35865759849548,67
