epoch,steps,syncs,accuracy,loss,time,com_time,calc_time,exper_id
1,29,2,0.954200029373169,0.1450052708387375,19.814546585083008,3.6238231658935547,0.05827498435974121,6
2,58,3,0.9815999865531921,0.0559493824839592,37.889023542404175,7.4582860469818115,0.11934924125671387,6
3,87,3,0.989300012588501,0.033939264714717865,54.633206844329834,10.007026433944702,0.1771864891052246,6
4,116,3,0.9905999898910522,0.028063170611858368,72.06578350067139,13.143367767333984,0.23457670211791992,6
5,146,3,0.9916999936103821,0.025130698457360268,89.38177442550659,15.61442756652832,0.29717183113098145,6
6,175,3,0.9934999942779541,0.022117117419838905,106.69161796569824,18.238401889801025,0.3552393913269043,6
7,204,3,0.9926999807357788,0.022587507963180542,123.52687621116638,20.968726634979248,0.4127659797668457,6
8,233,4,0.9937000274658203,0.023384202271699905,140.68501019477844,24.44822359085083,0.4761672019958496,6
9,263,4,0.9918000102043152,0.02490341104567051,158.5588047504425,27.208228588104248,0.5404477119445801,6
10,292,4,0.992900013923645,0.02228299155831337,175.58170914649963,29.827272415161133,0.6107978820800781,6
11,321,4,0.9927999973297119,0.02486198954284191,192.20512628555298,32.413700103759766,0.6768860816955566,6
12,350,4,0.9934999942779541,0.021279381588101387,209.11288785934448,35.41603922843933,0.7432610988616943,6
13,379,4,0.9937999844551086,0.021018214523792267,225.8145432472229,38.1300733089447,0.8132743835449219,6
14,409,4,0.9919000267982483,0.025284964591264725,243.13399958610535,40.83279228210449,0.8847103118896484,6
15,438,4,0.9929999709129333,0.026167437434196472,259.60377502441406,43.689539194107056,0.9580843448638916,6
16,467,4,0.9937999844551086,0.02483498863875866,276.38022112846375,46.624075174331665,1.015272855758667,6
17,496,5,0.9925000071525574,0.026285339146852493,294.3633728027344,50.54875874519348,1.0777530670166016,6
18,526,5,0.9934999942779541,0.02803800441324711,311.85933089256287,53.55644655227661,1.1435248851776123,6
19,555,5,0.9933000206947327,0.024786150082945824,328.4721143245697,56.35449957847595,1.2106986045837402,6
20,584,5,0.9933000206947327,0.02963586337864399,345.04382157325745,58.96890139579773,1.2882916927337646,6
