epoch,steps,syncs,accuracy,loss,time,com_time,calc_time,exper_id
1,29,2,0.9527999758720398,0.15303979814052582,49.67636513710022,0.931340217590332,0.1332261562347412,6
2,58,3,0.9837999939918518,0.05164118483662605,94.87967228889465,1.9348878860473633,0.24714088439941406,6
3,87,3,0.9890999794006348,0.037035323679447174,140.5682282447815,2.819019317626953,0.39990925788879395,6
4,116,3,0.9908000230789185,0.030460724607110023,187.05169916152954,3.733203172683716,0.5472781658172607,6
5,146,3,0.9914000034332275,0.026378467679023743,234.8716278076172,4.649912595748901,0.6883072853088379,6
6,175,3,0.9930999875068665,0.022003743797540665,281.7045695781708,5.517205476760864,0.8352415561676025,6
7,204,3,0.9922000169754028,0.025084426626563072,328.4802875518799,6.418846130371094,0.9795689582824707,6
8,233,4,0.9919000267982483,0.025013765320181847,375.6103355884552,7.329824209213257,1.122563123703003,6
9,263,4,0.991100013256073,0.02931460179388523,424.66092801094055,8.283591508865356,1.242544412612915,6
10,292,4,0.9936000108718872,0.022427910938858986,472.4747123718262,9.198623895645142,1.3703556060791016,6
