epoch,steps,syncs,accuracy,loss,time,com_time,calc_time,exper_id
1,29,2,0.958299994468689,0.13079068064689636,20.692185163497925,0.793271541595459,0.0682988166809082,73
2,58,3,0.9860000014305115,0.04801042005419731,39.262903928756714,1.374300241470337,0.1465606689453125,73
3,87,3,0.9876999855041504,0.036995239555835724,57.47349238395691,1.5527968406677246,0.22881460189819336,73
4,116,3,0.9884999990463257,0.03183731064200401,75.71470093727112,1.7387714385986328,0.3076019287109375,73
5,146,3,0.9890999794006348,0.03521992638707161,94.62552857398987,1.9375803470611572,0.3750441074371338,73
6,175,3,0.9900000095367432,0.028278054669499397,112.74909210205078,2.156508684158325,0.44939708709716797,73
7,204,3,0.9909999966621399,0.026068417355418205,130.87668800354004,2.3718526363372803,0.5202250480651855,73
8,233,4,0.9933000206947327,0.022597545757889748,149.3388102054596,2.936736822128296,0.6023805141448975,73
9,263,4,0.9939000010490417,0.018139859661459923,168.17033672332764,3.136009454727173,0.6762125492095947,73
10,292,4,0.9930999875068665,0.022720173001289368,186.26365613937378,3.3540608882904053,0.7426156997680664,73
11,321,4,0.9933000206947327,0.02240239828824997,204.4768304824829,3.565838098526001,0.8112847805023193,73
12,350,4,0.9929999709129333,0.02228637784719467,222.6470227241516,3.7887237071990967,0.8862271308898926,73
13,379,4,0.9943000078201294,0.021937508136034012,240.84301829338074,3.95548677444458,0.9670979976654053,73
14,409,4,0.9922999739646912,0.027395257726311684,259.61045598983765,4.1476194858551025,1.0468099117279053,73
15,438,4,0.9926000237464905,0.024348895996809006,277.7001647949219,4.3299901485443115,1.1132721900939941,73
16,467,5,0.9940999746322632,0.019148923456668854,296.2328317165375,4.912936449050903,1.1800763607025146,73
17,496,5,0.9937999844551086,0.022832660004496574,314.3054130077362,5.074544191360474,1.2447516918182373,73
18,526,5,0.9940999746322632,0.023886507377028465,332.9269516468048,5.267045736312866,1.3104209899902344,73
19,555,5,0.9943000078201294,0.021947897970676422,351.1161320209503,5.466959714889526,1.3855500221252441,73
20,584,5,0.9934999942779541,0.026991229504346848,369.21195912361145,5.6641435623168945,1.45985746383667,73
