epoch,steps,syncs,accuracy,loss,time,com_time,calc_time,exper_id
1,29,29,0.11349999904632568,2.2231385707855225,34.51976180076599,18.513965845108032,0.0,76
2,58,58,0.4339999854564667,1.5607432126998901,67.76274299621582,37.194594860076904,0.0,76
3,87,87,0.7328000068664551,0.7016308307647705,100.24905443191528,55.46502423286438,0.0,76
4,116,116,0.8964999914169312,0.33354905247688293,133.6022710800171,74.44196557998657,0.0,76
5,146,146,0.9485999941825867,0.1681971251964569,167.53070735931396,93.4653537273407,0.0,76
6,175,175,0.9656000137329102,0.11164715886116028,199.4882264137268,111.12839031219482,0.0,76
7,204,204,0.9746000170707703,0.07960211485624313,233.26836228370667,130.06807279586792,0.0,76
8,233,233,0.9805999994277954,0.05987176671624184,265.41486144065857,148.17834973335266,0.0,76
9,263,263,0.9830999970436096,0.05258943513035774,299.0862772464752,167.1877682209015,0.0,76
10,292,292,0.9830999970436096,0.0547466054558754,331.6682984828949,185.73172211647034,0.0,76
11,321,321,0.9861000180244446,0.04407912492752075,364.7544183731079,204.25180625915527,0.0,76
12,350,350,0.984499990940094,0.046260010451078415,397.9510886669159,223.04578566551208,0.0,76
13,379,379,0.9861000180244446,0.039810869842767715,430.95595955848694,241.57869124412537,0.0,76
14,409,409,0.9876000285148621,0.039732735604047775,465.80455446243286,261.1738362312317,0.0,76
15,438,438,0.9896000027656555,0.03287368640303612,498.78336548805237,279.7491343021393,0.0,76
16,467,467,0.9876999855041504,0.03973178192973137,530.9727237224579,297.68270540237427,0.0,76
17,496,496,0.9904000163078308,0.030827518552541733,563.5225112438202,315.72728538513184,0.0,76
18,526,526,0.9898999929428101,0.030141552910208702,597.5418400764465,334.6742522716522,0.0,76
19,555,555,0.9894000291824341,0.033356063067913055,629.9752368927002,352.74564480781555,0.0,76
20,584,584,0.991599977016449,0.0282678734511137,662.3893432617188,370.93788623809814,0.0,76
