epoch,steps,syncs,accuracy,loss,time,com_time,calc_time,exper_id
1,234,4,0.9861999750137329,0.04208754003047943,93.41621494293213,6.66862940788269,2.4622514247894287,78
2,468,5,0.9898999929428101,0.033202629536390305,184.35383677482605,13.291353940963745,4.638864994049072,78
3,702,6,0.9922000169754028,0.02390407957136631,274.1585171222687,19.877135515213013,6.8975303173065186,78
4,937,8,0.9934999942779541,0.01949882321059704,365.2578983306885,26.721391439437866,9.09647798538208,78
5,1171,9,0.992900013923645,0.022653914988040924,455.2704384326935,33.1645073890686,11.338300228118896,78
6,1405,10,0.9934999942779541,0.022016573697328568,546.0554437637329,39.549663066864014,13.49981141090393,78
7,1639,11,0.9937999844551086,0.021700238808989525,636.1027884483337,45.892661333084106,15.711520671844482,78
8,1874,13,0.9937000274658203,0.022700970992445946,726.8968217372894,52.80049538612366,17.980855703353882,78
9,2108,14,0.9934999942779541,0.02939782664179802,817.422206401825,59.05718493461609,20.276041507720947,78
10,2342,16,0.9936000108718872,0.02564527653157711,907.6237390041351,65.73496055603027,22.562905073165894,78
11,2577,17,0.9926999807357788,0.031104935333132744,998.292494058609,72.53444147109985,24.74773669242859,78
12,2811,19,0.995199978351593,0.02557150460779667,1089.2781932353973,79.71408200263977,26.906689882278442,78
13,3045,21,0.9950000047683716,0.023833278566598892,1179.2013065814972,86.68479061126709,29.137171506881714,78
14,3279,22,0.9914000034332275,0.039387792348861694,1268.9083845615387,92.77568936347961,31.508492946624756,78
15,3514,24,0.993399977684021,0.028608335182070732,1359.5328199863434,99.70060324668884,33.72780227661133,78
16,3748,26,0.993399977684021,0.03135598078370094,1449.6965107917786,106.59890723228455,35.95689558982849,78
17,3982,27,0.9944999814033508,0.02865731157362461,1538.0701124668121,113.00105237960815,38.15309143066406,78
18,4216,30,0.9927999973297119,0.04291074350476265,1627.5273268222809,120.30138349533081,40.39870762825012,78
19,4451,31,0.9911999702453613,0.03833901509642601,1717.7397468090057,126.59720659255981,42.68434977531433,78
20,4685,32,0.9937000274658203,0.0310088861733675,1807.4473724365234,133.06467747688293,45.03876614570618,78
