epoch,steps,syncs,accuracy,loss,time,com_time,calc_time,exper_id
1,117,117,0.8737999796867371,0.3942268490791321,57.851163387298584,17.518892288208008,0.0,79
2,234,234,0.9771999716758728,0.07154692709445953,114.87455081939697,35.344037771224976,0.0,79
3,351,351,0.9848999977111816,0.0495038740336895,172.13164496421814,53.429523944854736,0.0,79
4,468,468,0.9869999885559082,0.040803421288728714,229.19227600097656,71.11193323135376,0.0,79
5,585,585,0.9911999702453613,0.03036380559206009,285.80490827560425,88.65036797523499,0.0,79
6,702,702,0.9902999997138977,0.03089294396340847,342.8540005683899,106.19600319862366,0.0,79
7,820,820,0.9909999966621399,0.030621835961937904,400.3597688674927,123.89814376831055,0.0,79
8,937,937,0.9919000267982483,0.025799596682190895,457.23300433158875,141.51775789260864,0.0,79
9,1054,1054,0.991599977016449,0.026311324909329414,514.3671827316284,159.16038370132446,0.0,79
10,1171,1171,0.9918000102043152,0.030391797423362732,571.4960534572601,176.93933248519897,0.0,79
11,1288,1288,0.9930999875068665,0.029477713629603386,629.319139957428,195.7416796684265,0.0,79
12,1405,1405,0.9930999875068665,0.025946730747818947,687.8715252876282,215.12908005714417,0.0,79
13,1523,1523,0.992900013923645,0.02299736998975277,745.5242931842804,233.21779870986938,0.0,79
14,1640,1640,0.9934999942779541,0.02319941110908985,802.7993524074554,251.26364398002625,0.0,79
15,1757,1757,0.9927999973297119,0.025390081107616425,859.9496402740479,269.1354937553406,0.0,79
16,1874,1874,0.9927999973297119,0.027392089366912842,916.6145315170288,286.7240102291107,0.0,79
17,1991,1991,0.9927999973297119,0.026160893961787224,973.5047721862793,304.3802881240845,0.0,79
18,2108,2108,0.9926999807357788,0.024576207622885704,1030.159215927124,321.8926079273224,0.0,79
19,2226,2226,0.9930999875068665,0.026138292625546455,1087.7968301773071,339.8452513217926,0.0,79
20,2343,2343,0.9933000206947327,0.027576260268688202,1144.774003982544,357.4773302078247,0.0,79
