epoch,steps,syncs,accuracy,loss,time,com_time,calc_time,exper_id
1,14,2,0.8327999711036682,0.5796775817871094,10.992194175720215,1.7445588111877441,0.028728008270263672,7
2,28,2,0.9567999839782715,0.1392960101366043,19.448457956314087,3.174518585205078,0.05403542518615723,7
3,43,3,0.9760000109672546,0.07711263000965118,29.491796016693115,5.264611482620239,0.08397150039672852,7
4,57,3,0.9833999872207642,0.050571806728839874,38.25550436973572,6.676501750946045,0.11008358001708984,7
5,71,3,0.9869999885559082,0.04204065725207329,46.427961349487305,7.857287645339966,0.13696956634521484,7
6,86,3,0.9891999959945679,0.03570468723773956,55.53530716896057,9.205665349960327,0.16705560684204102,7
7,100,3,0.9908000230789185,0.026602892205119133,63.85568928718567,10.326409578323364,0.19365477561950684,7
8,115,3,0.9908999800682068,0.027967529371380806,73.12429738044739,11.731637716293335,0.22419357299804688,7
9,129,3,0.9925000071525574,0.025091851130127907,81.55422234535217,13.029492616653442,0.25425195693969727,7
10,143,3,0.9927999973297119,0.02253907546401024,90.14687991142273,14.437959671020508,0.2889549732208252,7
11,158,3,0.9933000206947327,0.025097455829381943,98.94097089767456,15.64116382598877,0.32457518577575684,7
12,172,3,0.9926000237464905,0.02355656400322914,106.96180152893066,16.863704204559326,0.3555107116699219,7
13,187,4,0.992900013923645,0.024768216535449028,116.53035020828247,18.797789096832275,0.39733457565307617,7
14,201,4,0.992900013923645,0.022638434544205666,124.86828088760376,20.225543975830078,0.4264681339263916,7
15,215,4,0.9934999942779541,0.02458759769797325,133.32242584228516,21.655689239501953,0.4548931121826172,7
16,230,4,0.9929999709129333,0.024488691240549088,143.0198941230774,23.328111171722412,0.4877333641052246,7
17,244,4,0.9932000041007996,0.024470588192343712,151.8774003982544,24.866583347320557,0.5185432434082031,7
18,259,4,0.9930999875068665,0.023360826075077057,160.7687349319458,26.132802486419678,0.5560626983642578,7
19,273,4,0.9922999739646912,0.02649148553609848,169.31146049499512,27.618550300598145,0.5849263668060303,7
20,287,4,0.992900013923645,0.026596656069159508,178.14876675605774,29.229986906051636,0.6196372509002686,7
