epoch,steps,syncs,accuracy,loss,time,com_time,calc_time,exper_id
1,14,2,0.6708999872207642,1.4239563941955566,28.12039566040039,6.439103841781616,15.015445470809937,7
2,28,3,0.879800021648407,0.43857237696647644,47.09323787689209,7.644805669784546,26.361701726913452,7
3,43,3,0.879800021648407,0.43857237696647644,66.49597263336182,7.99528956413269,38.51731991767883,7
4,57,4,0.9478999972343445,0.17011578381061554,85.44072794914246,9.184635400772095,49.83810758590698,7
5,71,4,0.9478999972343445,0.17011578381061554,103.51693868637085,9.577089071273804,61.13367462158203,7
6,86,5,0.9696000218391418,0.09704671800136566,123.7430727481842,10.76641058921814,73.2806007862091,7
7,100,5,0.9696000218391418,0.09704671800136566,141.87566781044006,11.165175437927246,84.64607763290405,7
8,115,5,0.9696000218391418,0.09704671800136566,161.4705240726471,11.64859938621521,96.8949728012085,7
9,129,6,0.9793999791145325,0.06539655476808548,180.3561611175537,12.748600244522095,108.2433831691742,7
10,143,6,0.9793999791145325,0.06539655476808548,198.4162244796753,13.097617626190186,119.56544613838196,7
11,158,7,0.9830999970436096,0.055208344012498856,218.6141335964203,14.245104789733887,131.7460653781891,7
12,172,7,0.9830999970436096,0.055208344012498856,236.7348279953003,14.632062911987305,143.10327625274658,7
13,187,7,0.9830999970436096,0.055208344012498856,256.05167627334595,14.95046091079712,155.25131106376648,7
14,201,7,0.9830999970436096,0.055208344012498856,274.1422438621521,15.301405906677246,166.58364486694336,7
15,215,8,0.9871000051498413,0.04661225900053978,293.0863747596741,16.491982221603394,177.91788864135742,7
16,230,8,0.9871000051498413,0.04661225900053978,312.4642803668976,16.859743118286133,190.0956711769104,7
17,244,8,0.9871000051498413,0.04661225900053978,330.51692056655884,17.286953926086426,201.41460466384888,7
18,259,9,0.9883000254631042,0.04046754911541939,351.8243842124939,19.601642847061157,213.57636332511902,7
19,273,9,0.9883000254631042,0.04046754911541939,369.8627784252167,19.946934938430786,224.89874458312988,7
20,287,9,0.9883000254631042,0.04046754911541939,387.92788338661194,20.389416217803955,236.24727535247803,7
