epoch,steps,syncs,accuracy,loss,time,com_time,calc_time,exper_id
1,58,58,0.8629999756813049,0.42159974575042725,45.24232196807861,8.720483779907227,0.0,81
2,116,116,0.9711999893188477,0.08776398748159409,88.7668707370758,17.385489225387573,0.0,81
3,175,175,0.984000027179718,0.053859367966651917,133.42483019828796,26.478185415267944,0.0,81
4,233,233,0.9869999885559082,0.04120704531669617,176.94834280014038,35.231680154800415,0.0,81
5,291,291,0.9901000261306763,0.035725727677345276,220.55369091033936,43.89765167236328,0.0,81
6,350,350,0.9905999898910522,0.03559599444270134,265.16933393478394,52.94326305389404,0.0,81
7,408,408,0.989799976348877,0.03215927630662918,309.13997745513916,61.85485339164734,0.0,81
8,466,466,0.9907000064849854,0.030973458662629128,352.87412762641907,70.62505197525024,0.0,81
9,525,525,0.9919000267982483,0.03017682209610939,397.40169739723206,79.47115564346313,0.0,81
10,583,583,0.9919999837875366,0.025559859350323677,440.9372742176056,88.1541383266449,0.0,81
11,642,642,0.9922000169754028,0.026798363775014877,485.2630784511566,96.9627377986908,0.0,81
12,700,700,0.9919999837875366,0.03454721346497536,528.9091386795044,105.70229411125183,0.0,81
13,758,758,0.9929999709129333,0.02557925134897232,573.3029906749725,115.24880599975586,0.0,81
14,817,817,0.9921000003814697,0.02560046687722206,617.4725341796875,124.06472182273865,0.0,81
15,875,875,0.9929999709129333,0.02805406227707863,661.0348110198975,132.72449040412903,0.0,81
16,933,933,0.9925000071525574,0.026780230924487114,705.0592098236084,141.9238109588623,0.0,81
17,992,992,0.9930999875068665,0.02855844795703888,749.6328020095825,150.96959733963013,0.0,81
18,1050,1050,0.9922000169754028,0.029211614280939102,793.5503208637238,159.89342427253723,0.0,81
19,1109,1109,0.9923999905586243,0.033964864909648895,838.0948779582977,168.76180577278137,0.0,81
20,1167,1167,0.9922999739646912,0.034000467509031296,882.1751630306244,177.71691489219666,0.0,81
