epoch,steps,syncs,accuracy,loss,time,com_time,calc_time,exper_id
1,117,3,0.9847000241279602,0.049633923918008804,50.183727979660034,3.6112020015716553,1.319897174835205,82
2,234,4,0.9915000200271606,0.02727174013853073,96.77186012268066,7.191837310791016,2.3727071285247803,82
3,351,4,0.9894999861717224,0.0320269949734211,142.6436095237732,10.272660732269287,3.457399845123291,82
4,468,5,0.9927999973297119,0.021902568638324738,190.6922025680542,14.023658990859985,4.410617113113403,82
5,585,5,0.9937000274658203,0.020585348829627037,237.45613431930542,17.39172387123108,5.387178182601929,82
6,702,6,0.9940000176429749,0.019974814727902412,284.2765145301819,21.142418146133423,6.345372915267944,82
7,820,7,0.9934999942779541,0.02262352965772152,331.3481812477112,24.90218186378479,7.307618618011475,82
8,937,7,0.9937999844551086,0.022273283451795578,377.6765294075012,28.05983018875122,8.28475308418274,82
9,1054,8,0.9933000206947327,0.020099498331546783,424.6080873012543,31.7140212059021,9.248050451278687,82
10,1171,8,0.9929999709129333,0.023619946092367172,470.8014008998871,34.99412298202515,10.262938976287842,82
11,1288,9,0.9936000108718872,0.025907425209879875,518.033082485199,38.86123037338257,11.188214540481567,82
12,1405,10,0.9952999949455261,0.018864452838897705,565.009768486023,42.54779934883118,12.18386435508728,82
13,1523,10,0.9925000071525574,0.030601205304265022,612.327175617218,46.008100748062134,13.12735652923584,82
14,1640,11,0.9944000244140625,0.022794419899582863,659.0143120288849,49.6508686542511,14.07265830039978,82
15,1757,11,0.9940999746322632,0.03051690384745598,704.8720602989197,52.842915773391724,15.126683235168457,82
16,1874,12,0.9940999746322632,0.02306867018342018,751.4548785686493,56.63755941390991,16.088476181030273,82
17,1991,13,0.9948999881744385,0.02340039797127247,798.2181758880615,60.37351393699646,17.035478830337524,82
18,2108,13,0.9940999746322632,0.023079119622707367,844.3709106445312,63.7716760635376,17.93169665336609,82
19,2226,14,0.9925000071525574,0.029376303777098656,891.3051381111145,67.32570004463196,18.98197078704834,82
20,2343,15,0.994700014591217,0.023944023996591568,938.4006657600403,70.93653106689453,19.981367111206055,82
