epoch,steps,syncs,accuracy,loss,time,com_time,calc_time,exper_id
1,58,3,0.9688000082969666,0.10103632509708405,27.551198720932007,1.6859204769134521,0.564763069152832,84
2,116,3,0.988099992275238,0.037729449570178986,53.077027797698975,3.012580633163452,1.1217195987701416,84
3,175,3,0.9901999831199646,0.027702325955033302,79.0435688495636,4.482126951217651,1.6368026733398438,84
4,233,4,0.9891999959945679,0.034537423402071,105.11769819259644,6.317500591278076,2.113569974899292,84
5,291,4,0.9927999973297119,0.02266131527721882,130.2258083820343,7.838316440582275,2.582714796066284,84
6,350,4,0.993399977684021,0.021962136030197144,155.83842778205872,9.299676895141602,3.071729898452759,84
7,408,4,0.993399977684021,0.020970089361071587,180.8536593914032,10.663005828857422,3.58424973487854,84
8,466,5,0.9940999746322632,0.020774707198143005,206.30534529685974,12.525564670562744,4.060529708862305,84
9,525,5,0.9929999709129333,0.02467171847820282,231.3995122909546,14.022736549377441,4.532058238983154,84
10,583,5,0.9944999814033508,0.01855989545583725,256.20640563964844,15.516875743865967,4.998534917831421,84
11,642,5,0.9934999942779541,0.021762236952781677,282.1576521396637,17.066598176956177,5.456204414367676,84
12,700,5,0.9944999814033508,0.021451042965054512,306.71709752082825,18.391971349716187,5.982625484466553,84
13,758,6,0.9934999942779541,0.023345116525888443,331.90495252609253,20.07545304298401,6.487185478210449,84
14,817,6,0.9939000010490417,0.023188510909676552,357.4777743816376,21.676377534866333,6.917084693908691,84
15,875,6,0.9952999949455261,0.01870836690068245,382.0330834388733,23.16677165031433,7.3719611167907715,84
16,933,6,0.9940999746322632,0.026323633268475533,407.0950517654419,24.661152601242065,7.7991783618927,84
17,992,7,0.9944999814033508,0.02362808585166931,432.8808116912842,26.582601308822632,8.275239706039429,84
18,1050,7,0.993399977684021,0.028296276926994324,457.83240032196045,28.080277919769287,8.734961986541748,84
19,1109,7,0.9945999979972839,0.02089044265449047,483.77642130851746,29.664830923080444,9.1383638381958,84
20,1167,7,0.9945999979972839,0.02383061684668064,508.81948471069336,31.016819953918457,9.628500938415527,84
