epoch,steps,syncs,accuracy,loss,time,com_time,calc_time,exper_id
1,29,2,0.9519000053405762,0.15733246505260468,17.677790641784668,1.6788921356201172,0.05901002883911133,85
2,58,3,0.9800999760627747,0.058872416615486145,34.02429246902466,3.4109597206115723,0.11100387573242188,85
3,87,3,0.9886000156402588,0.03394605219364166,49.529406785964966,4.66303014755249,0.16363000869750977,85
4,116,3,0.989799976348877,0.02997671812772751,64.87267255783081,5.817044019699097,0.2187802791595459,85
5,146,3,0.9911999702453613,0.026113394647836685,80.92738795280457,6.975720643997192,0.2781972885131836,85
6,175,3,0.991599977016449,0.02598094753921032,96.6973328590393,8.07674765586853,0.3348252773284912,85
7,204,3,0.9934999942779541,0.01815555803477764,112.30202722549438,9.16404676437378,0.3914763927459717,85
8,233,4,0.992900013923645,0.022951027378439903,128.467609167099,10.820640802383423,0.4531238079071045,85
9,263,4,0.9926999807357788,0.02350950799882412,144.61815309524536,12.050026655197144,0.5078885555267334,85
10,292,4,0.9934999942779541,0.02092614211142063,160.3454670906067,13.199362754821777,0.5646443367004395,85
11,321,4,0.9934999942779541,0.021284470334649086,175.66880297660828,14.324060201644897,0.618941068649292,85
12,350,4,0.992900013923645,0.02591920830309391,191.16546845436096,15.438773155212402,0.6765398979187012,85
13,379,4,0.9937000274658203,0.022750908508896828,206.92456245422363,16.522059202194214,0.7348766326904297,85
14,409,4,0.9937000274658203,0.02294708602130413,222.89816403388977,17.726043939590454,0.7959785461425781,85
15,438,4,0.9933000206947327,0.024959266185760498,238.34435987472534,18.908368587493896,0.8491127490997314,85
16,467,4,0.9937999844551086,0.020521149039268494,253.90390181541443,20.02779722213745,0.9065291881561279,85
17,496,5,0.9929999709129333,0.026202084496617317,270.63842034339905,22.14004945755005,0.9665954113006592,85
18,526,5,0.9943000078201294,0.020465662702918053,286.9525420665741,23.303593635559082,1.0263898372650146,85
19,555,5,0.9940999746322632,0.02391306683421135,302.34021258354187,24.449201583862305,1.0869414806365967,85
20,584,5,0.9925000071525574,0.030261239036917686,318.6776041984558,25.536367893218994,1.1503889560699463,85
