epoch,steps,syncs,accuracy,loss,time,com_time,calc_time,exper_id
1,29,2,0.9460999965667725,0.1714332401752472,20.808488368988037,0.6276149749755859,0.3381316661834717,86
2,58,3,0.9787999987602234,0.06985797733068466,39.885865926742554,1.2971370220184326,0.6445040702819824,86
3,87,3,0.9872999787330627,0.03734150528907776,58.50871157646179,1.680387258529663,0.9128329753875732,86
4,116,3,0.9905999898910522,0.02740558236837387,77.19654178619385,2.0380940437316895,1.190751075744629,86
5,146,3,0.9916999936103821,0.026372164487838745,96.45994663238525,2.4553680419921875,1.4737484455108643,86
6,175,3,0.9930999875068665,0.022059477865695953,115.08135199546814,2.814558267593384,1.7876131534576416,86
7,204,3,0.9925000071525574,0.02238444797694683,133.65720129013062,3.2282822132110596,2.053300380706787,86
8,233,4,0.9927999973297119,0.021683383733034134,152.84279561042786,4.011451959609985,2.3386952877044678,86
9,263,4,0.9922000169754028,0.025075901299715042,172.20738172531128,4.4326841831207275,2.6169607639312744,86
10,292,4,0.992900013923645,0.021608790382742882,190.96443891525269,4.807617425918579,2.903137445449829,86
11,321,4,0.9937000274658203,0.021063877269625664,209.78759908676147,5.210412502288818,3.19264554977417,86
12,350,4,0.9937999844551086,0.020010942593216896,228.48785257339478,5.603250980377197,3.4574294090270996,86
13,379,4,0.994700014591217,0.01986786723136902,247.2295048236847,5.976975202560425,3.7255280017852783,86
14,409,4,0.9936000108718872,0.02173055335879326,266.49524998664856,6.378973722457886,4.011058568954468,86
15,438,4,0.9922999739646912,0.025433534756302834,285.12963342666626,6.760037183761597,4.2784223556518555,86
16,467,4,0.9925000071525574,0.026612890884280205,303.7909080982208,7.165692329406738,4.541462182998657,86
17,496,5,0.9937999844551086,0.019851773977279663,322.78752279281616,7.930962562561035,4.810298919677734,86
18,526,5,0.9936000108718872,0.02493392489850521,342.19225454330444,8.324783086776733,5.085485458374023,86
19,555,5,0.994700014591217,0.02215292677283287,360.99733090400696,8.67310643196106,5.359472751617432,86
20,584,5,0.9945999979972839,0.02298109233379364,379.7938587665558,8.971813440322876,5.658191680908203,86
