epoch,steps,syncs,accuracy,loss,time,com_time,calc_time,exper_id
1,14,2,0.8076000213623047,0.5969704389572144,11.79357123374939,1.0840528011322021,0.03074169158935547,87
2,28,2,0.9502999782562256,0.15956059098243713,20.593631267547607,1.215334177017212,0.06513619422912598,87
3,43,3,0.9750999808311462,0.07707659900188446,30.622052669525146,1.9584522247314453,0.09929275512695312,87
4,57,3,0.9850000143051147,0.04698863625526428,39.551299810409546,2.1749234199523926,0.1331019401550293,87
5,71,3,0.9890000224113464,0.037841979414224625,48.3484992980957,2.319495439529419,0.16197872161865234,87
6,86,3,0.991100013256073,0.029332604259252548,57.88847374916077,2.4919512271881104,0.19579172134399414,87
7,100,3,0.9909999966621399,0.027146844193339348,66.69687700271606,2.6442012786865234,0.2333080768585205,87
8,115,3,0.9921000003814697,0.02383030764758587,76.1990258693695,2.7866740226745605,0.26877427101135254,87
9,129,3,0.9919999837875366,0.023866506293416023,85.12997198104858,2.9652316570281982,0.2992126941680908,87
10,143,3,0.9925000071525574,0.022486776113510132,94.03011965751648,3.145334482192993,0.329179048538208,87
11,158,3,0.9922999739646912,0.024693898856639862,103.53623700141907,3.290201425552368,0.36811208724975586,87
12,172,3,0.9926999807357788,0.020950203761458397,112.33783292770386,3.426945209503174,0.40541768074035645,87
13,187,3,0.9921000003814697,0.024162782356142998,121.86861324310303,3.6070449352264404,0.4396793842315674,87
14,201,3,0.992900013923645,0.023867731913924217,130.74104166030884,3.753710985183716,0.4732325077056885,87
15,215,4,0.9933000206947327,0.020685726776719093,140.16271805763245,4.468555212020874,0.5062570571899414,87
16,230,4,0.9933000206947327,0.024526821449398994,149.77428889274597,4.649136543273926,0.5401930809020996,87
17,244,4,0.9941999912261963,0.020076517015695572,158.54821705818176,4.7807276248931885,0.572145938873291,87
18,259,4,0.9940999746322632,0.018555067479610443,168.12255573272705,4.963371992111206,0.6116809844970703,87
19,273,4,0.9932000041007996,0.026633858680725098,177.12380981445312,5.118920803070068,0.6465649604797363,87
20,287,4,0.9940999746322632,0.024218160659074783,185.97062587738037,5.255833864212036,0.6789305210113525,87
