epoch,steps,syncs,accuracy,loss,time,com_time,calc_time,exper_id
1,468,6,0.9894999861717224,0.033245380967855453,75.80806851387024,6.34173846244812,1.0652894973754883,88
2,936,8,0.9902999997138977,0.031122948974370956,151.83167457580566,12.078412532806396,2.112900972366333,88
3,1405,11,0.9932000041007996,0.023795515298843384,227.86244106292725,18.712095260620117,3.1177709102630615,88
4,1873,15,0.9940000176429749,0.023581327870488167,303.76256561279297,24.222676515579224,4.178348064422607,88
5,2342,18,0.9943000078201294,0.020021595060825348,378.5250070095062,30.296013116836548,5.250589609146118,88
6,2810,21,0.9912999868392944,0.031978823244571686,452.43755531311035,36.079660177230835,6.315521955490112,88
7,3279,24,0.9937000274658203,0.02465914748609066,527.5173733234406,41.02528405189514,7.380920171737671,88
8,3747,27,0.9918000102043152,0.026780499145388603,603.355789899826,46.88615942001343,8.448862314224243,88
9,4215,31,0.991100013256073,0.032690588384866714,678.9851145744324,52.78517961502075,9.513360738754272,88
10,4684,35,0.9937999844551086,0.023579809814691544,755.3455131053925,59.644203901290894,10.569743871688843,88
11,5152,38,0.9934999942779541,0.02955973893404007,830.4443664550781,66.06700372695923,11.638490438461304,88
12,5621,42,0.9934999942779541,0.024564603343605995,906.764317035675,71.52242398262024,12.733785629272461,88
13,6089,45,0.9941999912261963,0.033991869539022446,982.8759329319,77.12911987304688,13.800646781921387,88
14,6558,49,0.9933000206947327,0.028625493869185448,1057.8564958572388,83.4288215637207,14.863509178161621,88
15,7026,53,0.9940000176429749,0.029338553547859192,1133.3296871185303,90.40327262878418,15.949122190475464,88
16,7494,57,0.9908000230789185,0.043236181139945984,1208.6715648174286,96.89427471160889,17.01353168487549,88
17,7963,60,0.9945999979972839,0.03434949368238449,1283.445056438446,102.93713474273682,18.087673902511597,88
18,8431,64,0.9945999979972839,0.025991473346948624,1358.069277048111,109.18476581573486,19.139516830444336,88
19,8900,68,0.9939000010490417,0.028711028397083282,1432.6525902748108,115.01698040962219,20.2191321849823,88
20,9368,72,0.9937000274658203,0.042209841310977936,1508.330232143402,121.74486827850342,21.28626823425293,88
