epoch,steps,syncs,accuracy,loss,time,com_time,calc_time,exper_id
1,29,2,0.9527999758720398,0.14786361157894135,18.186686277389526,1.5835516452789307,0.31764650344848633,93
2,58,3,0.9836999773979187,0.0489732101559639,34.87158679962158,3.4173882007598877,0.5414512157440186,93
3,87,3,0.9894000291824341,0.032748281955718994,50.91747856140137,4.687822341918945,0.7687208652496338,93
4,116,3,0.9908999800682068,0.02976810932159424,67.00319957733154,6.030479192733765,1.0132803916931152,93
5,146,3,0.9918000102043152,0.02550256811082363,83.93795442581177,7.178708553314209,1.28373384475708,93
6,175,3,0.9922999739646912,0.0230372566729784,100.01139664649963,8.413166046142578,1.5123157501220703,93
7,204,3,0.9909999966621399,0.028369244188070297,116.18630981445312,9.73394775390625,1.7260963916778564,93
8,233,4,0.992900013923645,0.01929439604282379,132.6919300556183,11.570170879364014,1.9468302726745605,93
9,263,4,0.9939000010490417,0.0191817469894886,149.57537078857422,12.743993759155273,2.2160208225250244,93
10,292,4,0.992900013923645,0.023081032559275627,165.8537793159485,14.001246690750122,2.451469659805298,93
11,321,4,0.9939000010490417,0.021866193041205406,182.1174545288086,15.33999252319336,2.694941282272339,93
12,350,4,0.9930999875068665,0.02271062135696411,198.6070487499237,16.584192752838135,2.9206457138061523,93
13,379,4,0.9940999746322632,0.02224668487906456,214.66798567771912,17.86242699623108,3.1539909839630127,93
14,409,4,0.9933000206947327,0.025791971012949944,231.60558938980103,19.150951862335205,3.42099928855896,93
15,438,4,0.9943000078201294,0.020002732053399086,247.9320194721222,20.490912437438965,3.659984588623047,93
16,467,4,0.9943000078201294,0.020824862644076347,264.16207671165466,21.908201694488525,3.8559460639953613,93
17,496,4,0.9944999814033508,0.02096225693821907,280.2324686050415,23.230254650115967,4.081710338592529,93
18,526,5,0.9940999746322632,0.020116819068789482,297.39485573768616,25.179694175720215,4.29646897315979,93
19,555,5,0.9934999942779541,0.027176132425665855,313.31038522720337,26.50973653793335,4.5100624561309814,93
20,584,5,0.9941999912261963,0.025783462449908257,329.48029589653015,27.75655746459961,4.749256372451782,93
