epoch,steps,syncs,accuracy,loss,time,com_time,calc_time,exper_id
1,58,3,0.9789999723434448,0.06219182908535004,37.513182163238525,0.5000941753387451,0.1446399688720703,95
2,116,3,0.9896000027656555,0.031014733016490936,73.27623105049133,0.7053482532501221,0.2857797145843506,95
3,175,3,0.9900000095367432,0.02809819020330906,109.48053860664368,0.873340368270874,0.42372870445251465,95
4,233,4,0.9926999807357788,0.02335558459162712,145.3863480091095,1.2571618556976318,0.5652720928192139,95
5,291,4,0.9927999973297119,0.021791312843561172,180.99740481376648,1.4929068088531494,0.714400053024292,95
6,350,4,0.991599977016449,0.0232527032494545,217.22678327560425,1.7272956371307373,0.8613533973693848,95
7,408,4,0.9944000244140625,0.019054772332310677,253.0095512866974,1.9413414001464844,1.0209569931030273,95
8,466,5,0.9940000176429749,0.01946292817592621,288.84880328178406,2.2557713985443115,1.1733407974243164,95
9,525,5,0.9943000078201294,0.02139514684677124,325.1398868560791,2.46016526222229,1.3269860744476318,95
10,583,5,0.992900013923645,0.024529656395316124,360.8319044113159,2.6922473907470703,1.4622726440429688,95
11,642,6,0.9939000010490417,0.024662001058459282,397.3176176548004,3.0707294940948486,1.59857177734375,95
12,700,6,0.995199978351593,0.019081469625234604,433.0931136608124,3.2864601612091064,1.730539321899414,95
13,758,6,0.993399977684021,0.021861359477043152,468.62462162971497,3.507478952407837,1.8728256225585938,95
14,817,6,0.9937999844551086,0.01888674683868885,504.77057361602783,3.688922166824341,2.0226125717163086,95
15,875,6,0.9937999844551086,0.02450932003557682,540.3991041183472,3.919839382171631,2.1606078147888184,95
16,933,7,0.9945999979972839,0.022109167650341988,576.2986414432526,4.285888433456421,2.2886393070220947,95
17,992,7,0.9944000244140625,0.02246784046292305,612.6934635639191,4.548818588256836,2.4294707775115967,95
18,1050,7,0.9940999746322632,0.024895813316106796,648.2016508579254,4.78807258605957,2.5634326934814453,95
19,1109,7,0.994700014591217,0.019125016406178474,684.5001034736633,5.00583815574646,2.7061922550201416,95
20,1167,8,0.9951000213623047,0.023556172847747803,720.372700214386,5.38401985168457,2.8410043716430664,95
