epoch,steps,syncs,accuracy,loss,time,com_time,calc_time,exper_id
1,234,4,0.9882000088691711,0.037298429757356644,54.774348974227905,1.4043762683868408,3.076695680618286,99
2,468,5,0.9919999837875366,0.027091534808278084,107.6498908996582,3.413896322250366,5.431279897689819,99
3,702,6,0.9926000237464905,0.02975986711680889,160.39475798606873,5.525228261947632,7.8360161781311035,99
4,937,8,0.9930999875068665,0.02562202699482441,213.79009890556335,7.576259613037109,10.338297843933105,99
5,1171,9,0.9927999973297119,0.02133399248123169,267.13170552253723,9.542372465133667,12.820891618728638,99
6,1405,10,0.9908999800682068,0.036620352417230606,320.03437542915344,11.452903270721436,15.319754838943481,99
7,1639,12,0.9927999973297119,0.027610495686531067,373.3825478553772,13.640145301818848,17.82246994972229,99
8,1874,13,0.994700014591217,0.023390887305140495,426.7612257003784,15.621241331100464,20.301825046539307,99
9,2108,15,0.993399977684021,0.029918454587459564,479.9657144546509,17.921330451965332,22.553062200546265,99
10,2342,16,0.9941999912261963,0.025603162124753,533.1705281734467,20.229843378067017,24.744446516036987,99
11,2577,17,0.9934999942779541,0.025610100477933884,586.2752468585968,22.476489305496216,26.992947578430176,99
12,2811,19,0.9915000200271606,0.030957195907831192,639.5445363521576,24.855841398239136,29.2104754447937,99
13,3045,21,0.9919999837875366,0.030934588983654976,693.000631570816,27.33010458946228,31.382256031036377,99
14,3279,23,0.9929999709129333,0.02559143304824829,745.8823075294495,29.649333238601685,33.65250873565674,99
15,3514,24,0.9943000078201294,0.029186826199293137,799.2012202739716,31.897985219955444,35.88803768157959,99
16,3748,26,0.9927999973297119,0.03164740279316902,852.4157764911652,34.47981262207031,38.07864689826965,99
17,3982,28,0.991100013256073,0.033349402248859406,905.7732915878296,36.83697199821472,40.25009489059448,99
18,4216,30,0.9943000078201294,0.03368919715285301,958.6811122894287,39.342864990234375,42.45040822029114,99
19,4451,31,0.9944999814033508,0.026895856484770775,1011.8283429145813,41.78419876098633,44.65694308280945,99
20,4685,32,0.9944000244140625,0.03277868032455444,1064.6558601856232,44.12582039833069,46.80245852470398,99
