epoch,steps,syncs,accuracy,loss,time,com_time,calc_time,exper_id
1,29,2,0.5842000246047974,2.0919253826141357,14.858195304870605,5.314234972000122,5.385384798049927,9
2,58,3,0.8743000030517578,0.5014727115631104,18.44347071647644,6.488372802734375,6.183552265167236,9
3,87,4,0.9524000287055969,0.1644091159105301,22.02785634994507,7.714499235153198,6.941478967666626,9
4,116,4,0.9524000287055969,0.1644091159105301,24.850024461746216,8.175491571426392,7.756601810455322,9
5,146,5,0.9722999930381775,0.08636845648288727,28.53222155570984,9.388873100280762,8.591127634048462,9
6,175,5,0.9722999930381775,0.08636845648288727,31.35291337966919,9.847129344940186,9.382105827331543,9
7,204,6,0.9811999797821045,0.05969100445508957,34.9041006565094,10.991935014724731,10.179065704345703,9
8,233,6,0.9811999797821045,0.05969100445508957,37.722310304641724,11.422785997390747,10.971984386444092,9
9,263,6,0.9811999797821045,0.05969100445508957,40.62287616729736,11.879285097122192,11.77988600730896,9
10,292,7,0.9848999977111816,0.04649701714515686,44.17395901679993,13.04178786277771,12.565500020980835,9
11,321,7,0.9848999977111816,0.04649701714515686,46.968446016311646,13.38781213760376,13.352582216262817,9
12,350,8,0.9878000020980835,0.039665061980485916,50.53218054771423,14.568138360977173,14.155559062957764,9
13,379,8,0.9878000020980835,0.039665061980485916,53.31321406364441,14.905157327651978,14.949074983596802,9
14,409,8,0.9878000020980835,0.039665061980485916,56.19906759262085,15.356174945831299,15.77604055404663,9
15,438,9,0.989300012588501,0.034147195518016815,59.75867462158203,16.527618169784546,16.569879055023193,9
16,467,9,0.989300012588501,0.034147195518016815,62.54966711997986,16.94413423538208,17.37098479270935,9
17,496,9,0.989300012588501,0.034147195518016815,65.33947277069092,17.323205947875977,18.14717721939087,9
18,526,10,0.9904999732971191,0.030959853902459145,69.03190922737122,18.5263991355896,18.954302310943604,9
19,555,10,0.9904999732971191,0.030959853902459145,71.83334302902222,18.96601152420044,19.71063995361328,9
20,584,10,0.9904999732971191,0.030959853902459145,74.62285113334656,19.41037154197693,20.476289987564087,9
