epoch,steps,syncs,accuracy,loss,time,com_time,calc_time,exper_id
1,7,2,0.5139999985694885,1.6539480686187744,7.504397630691528,1.2950739860534668,0.017161130905151367,9
2,14,2,0.8465999960899353,0.5101975202560425,12.361444234848022,1.7972853183746338,0.03212785720825195,9
3,21,2,0.9329000115394592,0.22626730799674988,16.751769304275513,1.9082088470458984,0.04762768745422363,9
4,28,2,0.9609000086784363,0.12385662645101547,21.29475736618042,2.141329765319824,0.06073141098022461,9
5,36,2,0.9739000201225281,0.07834842801094055,26.499353170394897,2.383496046066284,0.0832972526550293,9
6,43,3,0.9797000288963318,0.058621928095817566,31.71535849571228,3.3114280700683594,0.10098886489868164,9
7,50,3,0.9855999946594238,0.04331031069159508,36.18476366996765,3.5437726974487305,0.1155850887298584,9
8,57,3,0.9872999787330627,0.03630674257874489,40.6608190536499,3.7261643409729004,0.1317601203918457,9
9,65,3,0.9894999861717224,0.029406597837805748,46.04873251914978,4.181783437728882,0.15113520622253418,9
10,72,3,0.9909999966621399,0.026642434298992157,50.62946701049805,4.4764323234558105,0.17232322692871094,9
11,79,3,0.991599977016449,0.026359975337982178,55.433037757873535,4.914578437805176,0.1874697208404541,9
12,86,3,0.9909999966621399,0.026182446628808975,59.93300175666809,5.147696018218994,0.2033696174621582,9
13,94,3,0.9921000003814697,0.02440011501312256,65.19559288024902,5.440464735031128,0.2223036289215088,9
14,101,3,0.9927999973297119,0.021335799247026443,69.65897297859192,5.628184795379639,0.23751354217529297,9
15,108,3,0.9922999739646912,0.022336501628160477,74.28178238868713,5.935826539993286,0.2509176731109619,9
16,115,3,0.992900013923645,0.021661486476659775,78.74217343330383,6.0898706912994385,0.27089786529541016,9
17,123,3,0.9932000041007996,0.021029682829976082,84.17482352256775,6.52298903465271,0.29081296920776367,9
18,130,3,0.9914000034332275,0.02501881681382656,88.61865782737732,6.6857030391693115,0.30813121795654297,9
19,137,3,0.993399977684021,0.019314119592308998,93.12516903877258,6.913673162460327,0.32710719108581543,9
20,144,3,0.9932000041007996,0.021152233704924583,97.79150605201721,7.282571792602539,0.34838128089904785,9
