accuracy,loss,exper_id
0.9585999846458436,0.1352516412734985,0
0.9399999976158142,0.207488477230072,1
0.9110000133514404,0.2965605854988098,2
0.9552000164985656,0.1406777650117874,3
0.9556999802589417,0.1394576132297516,4
0.9563999772071838,0.1428104490041732,5
0.9593999981880188,0.133112370967865,6
0.9423999786376952,0.2024297416210174,7
0.9158999919891357,0.2929655909538269,8
