accuracy,exper_id
0.968500018119812,1
0.9796000123023988,1
0.9689000248908997,2
0.9776999950408936,2
